ID,Req. Timestamp,Resp. Timestamp,Method,URL,Code,Reason,RTT,Size Resp. Header,Size Resp. Body
4394,Mon Sep 07 17:13:02 BDT 2026,Mon Sep 07 17:13:02 BDT 2026,GET,https://tfctest-003-production.up.railway.app/_next,404,Not Found,387,361,9
4395,Mon Sep 07 17:13:01 BDT 2026,Mon Sep 07 17:13:02 BDT 2026,GET,https://tfctest-003-production.up.railway.app/?=,200,OK,396,429,1012
4396,Mon Sep 07 17:13:02 BDT 2026,Mon Sep 07 17:13:02 BDT 2026,GET,https://tfctest-003-production.up.railway.app/_next/static,404,Not Found,380,361,9
4397,Mon Sep 07 17:13:01 BDT 2026,Mon Sep 07 17:13:02 BDT 2026,POST,https://tfctest-003-production.up.railway.app/user/054dc930-e12d-4c0d-9a62-90bfe72bc4ab,200,OK,1499,445,5867
4398,Mon Sep 07 17:13:02 BDT 2026,Mon Sep 07 17:13:03 BDT 2026,GET,https://tfctest-003-production.up.railway.app/_next/static/chunks,404,Not Found,384,361,9
4399,Mon Sep 07 17:13:02 BDT 2026,Mon Sep 07 17:13:03 BDT 2026,GET,https://tfctest-003-production.up.railway.app/?_rsc=,200,OK,385,428,998
4400,Mon Sep 07 17:13:01 BDT 2026,Mon Sep 07 17:13:03 BDT 2026,POST,https://tfctest-003-production.up.railway.app/checkout,200,OK,2234,508,4970
4401,Mon Sep 07 17:13:03 BDT 2026,Mon Sep 07 17:13:03 BDT 2026,GET,https://tfctest-003-production.up.railway.app/login?next=%2Fcheckout&_rsc=5CB68i4pnAekjehf,200,OK,428,428,282
4402,Mon Sep 07 17:13:03 BDT 2026,Mon Sep 07 17:13:03 BDT 2026,GET,https://tfctest-003-production.up.railway.app/login?_rsc=tXyZJ52UQVBCVsD3,200,OK,429,429,1052
4403,Mon Sep 07 17:13:03 BDT 2026,Mon Sep 07 17:13:03 BDT 2026,GET,https://tfctest-003-production.up.railway.app/products,404,Not Found,431,467,9302
4404,Mon Sep 07 17:13:03 BDT 2026,Mon Sep 07 17:13:03 BDT 2026,GET,https://tfctest-003-production.up.railway.app/checkout?_rsc=O5xA53AAoqK4V3wy,200,OK,617,429,2403
4405,Mon Sep 07 17:13:03 BDT 2026,Mon Sep 07 17:13:03 BDT 2026,GET,https://tfctest-003-production.up.railway.app/login?next=%2Fcheckout,200,OK,375,428,282
4406,Mon Sep 07 17:13:03 BDT 2026,Mon Sep 07 17:13:04 BDT 2026,GET,https://tfctest-003-production.up.railway.app/user,404,Not Found,439,435,271
4407,Mon Sep 07 17:13:03 BDT 2026,Mon Sep 07 17:13:04 BDT 2026,GET,https://tfctest-003-production.up.railway.app/login?=&_rsc=5CB68i4pnAekjehf,200,OK,444,428,267
4408,Mon Sep 07 17:13:03 BDT 2026,Mon Sep 07 17:13:04 BDT 2026,GET,https://tfctest-003-production.up.railway.app/products/8?_rsc=tXyZJ52UQVBCVsD3,200,OK,461,429,1119
4409,Mon Sep 07 17:13:03 BDT 2026,Mon Sep 07 17:13:04 BDT 2026,GET,https://tfctest-003-production.up.railway.app/products/2?_rsc=tXyZJ52UQVBCVsD3,200,OK,467,429,1119
4410,Mon Sep 07 17:13:03 BDT 2026,Mon Sep 07 17:13:04 BDT 2026,GET,https://tfctest-003-production.up.railway.app/products/6?_rsc=tXyZJ52UQVBCVsD3,200,OK,467,429,1119
4411,Mon Sep 07 17:13:03 BDT 2026,Mon Sep 07 17:13:04 BDT 2026,GET,https://tfctest-003-production.up.railway.app/products/7?_rsc=tXyZJ52UQVBCVsD3,200,OK,468,429,1119
4412,Mon Sep 07 17:13:03 BDT 2026,Mon Sep 07 17:13:04 BDT 2026,GET,https://tfctest-003-production.up.railway.app/products/3?_rsc=tXyZJ52UQVBCVsD3,200,OK,471,429,1119
4413,Mon Sep 07 17:13:03 BDT 2026,Mon Sep 07 17:13:03 BDT 2026,GET,https://tfctest-003-production.up.railway.app/?_rsc=%40,200,OK,393,428,998
4414,Mon Sep 07 17:13:03 BDT 2026,Mon Sep 07 17:13:04 BDT 2026,GET,https://tfctest-003-production.up.railway.app/products/9?_rsc=tXyZJ52UQVBCVsD3,200,OK,487,429,1119
4415,Mon Sep 07 17:13:03 BDT 2026,Mon Sep 07 17:13:04 BDT 2026,GET,https://tfctest-003-production.up.railway.app/products/10?_rsc=tXyZJ52UQVBCVsD3,200,OK,491,429,1120
4416,Mon Sep 07 17:13:03 BDT 2026,Mon Sep 07 17:13:04 BDT 2026,GET,https://tfctest-003-production.up.railway.app/products/4?_rsc=tXyZJ52UQVBCVsD3,200,OK,490,429,1119
4417,Mon Sep 07 17:13:03 BDT 2026,Mon Sep 07 17:13:04 BDT 2026,GET,https://tfctest-003-production.up.railway.app/products/5?_rsc=5CB68i4pnAekjehf,200,OK,528,428,332
4418,Mon Sep 07 17:13:02 BDT 2026,Mon Sep 07 17:13:04 BDT 2026,POST,https://tfctest-003-production.up.railway.app/user/054dc930-e12d-4c0d-9a62-90bfe72bc4ab,200,OK,1351,445,5867
4419,Mon Sep 07 17:13:03 BDT 2026,Mon Sep 07 17:13:04 BDT 2026,GET,https://tfctest-003-production.up.railway.app/login?=,200,OK,368,429,1066
4420,Mon Sep 07 17:13:04 BDT 2026,Mon Sep 07 17:13:04 BDT 2026,GET,https://tfctest-003-production.up.railway.app/login?next=&_rsc=5CB68i4pnAekjehf,200,OK,405,428,271
4421,Mon Sep 07 17:13:03 BDT 2026,Mon Sep 07 17:13:04 BDT 2026,GET,https://tfctest-003-production.up.railway.app/orders?_rsc=TApk9dgxPX5IV-1l,200,OK,1325,429,5962
4422,Mon Sep 07 17:13:04 BDT 2026,Mon Sep 07 17:13:04 BDT 2026,POST,https://tfctest-003-production.up.railway.app/user/054dc930-e12d-4c0d-9a62-90bfe72bc4ab,500,Internal Server Error,380,437,93
4423,Mon Sep 07 17:13:04 BDT 2026,Mon Sep 07 17:13:04 BDT 2026,GET,https://tfctest-003-production.up.railway.app/user/054dc930-e12d-4c0d-9a62-90bfe72bc4ab?_rsc=hWqDJJP6_WnFIqxv,200,OK,660,429,3343
4424,Mon Sep 07 17:13:04 BDT 2026,Mon Sep 07 17:13:04 BDT 2026,GET,https://tfctest-003-production.up.railway.app/login?=,200,OK,383,428,267
4425,Mon Sep 07 17:13:03 BDT 2026,Mon Sep 07 17:13:04 BDT 2026,GET,https://tfctest-003-production.up.railway.app/checkout?=,200,OK,387,429,2417
4426,Mon Sep 07 17:13:04 BDT 2026,Mon Sep 07 17:13:04 BDT 2026,GET,https://tfctest-003-production.up.railway.app/products/8?=,200,OK,376,429,1133
4427,Mon Sep 07 17:13:04 BDT 2026,Mon Sep 07 17:13:04 BDT 2026,GET,https://tfctest-003-production.up.railway.app/login?next=%40&_rsc=5CB68i4pnAekjehf,200,OK,389,428,274
4428,Mon Sep 07 17:13:04 BDT 2026,Mon Sep 07 17:13:04 BDT 2026,GET,https://tfctest-003-production.up.railway.app/?_rsc=%2B,200,OK,372,428,998
4429,Mon Sep 07 17:13:04 BDT 2026,Mon Sep 07 17:13:04 BDT 2026,GET,https://tfctest-003-production.up.railway.app/products/3?=,200,OK,394,429,1133
4430,Mon Sep 07 17:13:04 BDT 2026,Mon Sep 07 17:13:04 BDT 2026,GET,https://tfctest-003-production.up.railway.app/products/2?=,200,OK,398,429,1133
4431,Mon Sep 07 17:13:04 BDT 2026,Mon Sep 07 17:13:04 BDT 2026,GET,https://tfctest-003-production.up.railway.app/products/7?=,200,OK,394,429,1133
4432,Mon Sep 07 17:13:04 BDT 2026,Mon Sep 07 17:13:04 BDT 2026,GET,https://tfctest-003-production.up.railway.app/products/10?=,200,OK,388,429,1134
4433,Mon Sep 07 17:13:04 BDT 2026,Mon Sep 07 17:13:04 BDT 2026,GET,https://tfctest-003-production.up.railway.app/products/5?=,200,OK,385,428,334
4434,Mon Sep 07 17:13:04 BDT 2026,Mon Sep 07 17:13:05 BDT 2026,POST,https://tfctest-003-production.up.railway.app/user/054dc930-e12d-4c0d-9a62-90bfe72bc4ab,500,Internal Server Error,409,437,93
4435,Mon Sep 07 17:13:04 BDT 2026,Mon Sep 07 17:13:04 BDT 2026,GET,https://tfctest-003-production.up.railway.app/products/6?=,200,OK,408,429,1133
4436,Mon Sep 07 17:13:04 BDT 2026,Mon Sep 07 17:13:04 BDT 2026,GET,https://tfctest-003-production.up.railway.app/products/4?=,200,OK,381,429,1133
4437,Mon Sep 07 17:13:04 BDT 2026,Mon Sep 07 17:13:04 BDT 2026,GET,https://tfctest-003-production.up.railway.app/products/9?=,200,OK,383,429,1133
4438,Mon Sep 07 17:13:04 BDT 2026,Mon Sep 07 17:13:04 BDT 2026,GET,https://tfctest-003-production.up.railway.app/login?_rsc=,200,OK,380,429,1052
4439,Mon Sep 07 17:13:03 BDT 2026,Mon Sep 07 17:13:05 BDT 2026,POST,https://tfctest-003-production.up.railway.app/checkout,200,OK,1638,508,4970
4440,Mon Sep 07 17:13:04 BDT 2026,Mon Sep 07 17:13:05 BDT 2026,GET,https://tfctest-003-production.up.railway.app/login?next=%2B&_rsc=5CB68i4pnAekjehf,200,OK,380,428,274
4441,Mon Sep 07 17:13:04 BDT 2026,Mon Sep 07 17:13:05 BDT 2026,GET,https://tfctest-003-production.up.railway.app/login?next=,200,OK,395,428,271
4442,Mon Sep 07 17:13:05 BDT 2026,Mon Sep 07 17:13:05 BDT 2026,POST,https://tfctest-003-production.up.railway.app/user/054dc930-e12d-4c0d-9a62-90bfe72bc4ab,500,Internal Server Error,611,437,92
4443,Mon Sep 07 17:13:05 BDT 2026,Mon Sep 07 17:13:05 BDT 2026,POST,https://tfctest-003-production.up.railway.app/checkout,500,Internal Server Error,393,437,93
4444,Mon Sep 07 17:13:04 BDT 2026,Mon Sep 07 17:13:05 BDT 2026,GET,https://tfctest-003-production.up.railway.app/?_rsc=%00,200,OK,374,428,998
4445,Mon Sep 07 17:13:05 BDT 2026,Mon Sep 07 17:13:05 BDT 2026,GET,https://tfctest-003-production.up.railway.app/login?next=%00&_rsc=5CB68i4pnAekjehf,200,OK,392,428,274
4446,Mon Sep 07 17:13:05 BDT 2026,Mon Sep 07 17:13:05 BDT 2026,GET,https://tfctest-003-production.up.railway.app/products/3?_rsc=,200,OK,371,429,1119
4447,Mon Sep 07 17:13:04 BDT 2026,Mon Sep 07 17:13:05 BDT 2026,GET,https://tfctest-003-production.up.railway.app/products/8?_rsc=,200,OK,463,429,1119
4448,Mon Sep 07 17:13:04 BDT 2026,Mon Sep 07 17:13:05 BDT 2026,GET,https://tfctest-003-production.up.railway.app/user/054dc930-e12d-4c0d-9a62-90bfe72bc4ab?=,200,OK,381,429,3357
4449,Mon Sep 07 17:13:05 BDT 2026,Mon Sep 07 17:13:05 BDT 2026,GET,https://tfctest-003-production.up.railway.app/products/2?_rsc=,200,OK,392,429,1119
4450,Mon Sep 07 17:13:05 BDT 2026,Mon Sep 07 17:13:05 BDT 2026,GET,https://tfctest-003-production.up.railway.app/products/6?_rsc=,200,OK,414,429,1119
4451,Mon Sep 07 17:13:05 BDT 2026,Mon Sep 07 17:13:05 BDT 2026,GET,https://tfctest-003-production.up.railway.app/products/7?_rsc=,200,OK,401,429,1119
4452,Mon Sep 07 17:13:05 BDT 2026,Mon Sep 07 17:13:05 BDT 2026,GET,https://tfctest-003-production.up.railway.app/products/9?_rsc=,200,OK,397,429,1119
4453,Mon Sep 07 17:13:05 BDT 2026,Mon Sep 07 17:13:05 BDT 2026,GET,https://tfctest-003-production.up.railway.app/products/10?_rsc=,200,OK,389,429,1120
4454,Mon Sep 07 17:13:04 BDT 2026,Mon Sep 07 17:13:05 BDT 2026,GET,https://tfctest-003-production.up.railway.app/checkout?_rsc=,200,OK,387,429,2403
4455,Mon Sep 07 17:13:05 BDT 2026,Mon Sep 07 17:13:05 BDT 2026,GET,https://tfctest-003-production.up.railway.app/products/5?_rsc=,200,OK,402,428,332
4456,Mon Sep 07 17:13:05 BDT 2026,Mon Sep 07 17:13:05 BDT 2026,GET,https://tfctest-003-production.up.railway.app/products/4?_rsc=,200,OK,413,429,1119
4457,Mon Sep 07 17:13:05 BDT 2026,Mon Sep 07 17:13:05 BDT 2026,GET,https://tfctest-003-production.up.railway.app/login?_rsc=%40,200,OK,393,429,1052
4458,Mon Sep 07 17:13:05 BDT 2026,Mon Sep 07 17:13:06 BDT 2026,POST,https://tfctest-003-production.up.railway.app/user/054dc930-e12d-4c0d-9a62-90bfe72bc4ab,500,Internal Server Error,387,437,93
4459,Mon Sep 07 17:13:05 BDT 2026,Mon Sep 07 17:13:06 BDT 2026,POST,https://tfctest-003-production.up.railway.app/checkout,500,Internal Server Error,381,437,93
4460,Mon Sep 07 17:13:05 BDT 2026,Mon Sep 07 17:13:06 BDT 2026,GET,https://tfctest-003-production.up.railway.app/login?next=%7C&_rsc=5CB68i4pnAekjehf,200,OK,370,428,274
4461,Mon Sep 07 17:13:05 BDT 2026,Mon Sep 07 17:13:06 BDT 2026,GET,https://tfctest-003-production.up.railway.app/login?next=%40,200,OK,377,428,274
4462,Mon Sep 07 17:13:06 BDT 2026,Mon Sep 07 17:13:06 BDT 2026,GET,https://tfctest-003-production.up.railway.app/login?next=%2Fcheckout&_rsc=5CB68i4pnAekjehf,200,OK,379,428,282
4463,Mon Sep 07 17:13:06 BDT 2026,Mon Sep 07 17:13:06 BDT 2026,POST,https://tfctest-003-production.up.railway.app/checkout,500,Internal Server Error,406,437,92
4464,Mon Sep 07 17:13:05 BDT 2026,Mon Sep 07 17:13:06 BDT 2026,GET,https://tfctest-003-production.up.railway.app/?_rsc=%7C,200,OK,367,428,998
4465,Mon Sep 07 17:13:06 BDT 2026,Mon Sep 07 17:13:06 BDT 2026,POST,https://tfctest-003-production.up.railway.app/user/054dc930-e12d-4c0d-9a62-90bfe72bc4ab,500,Internal Server Error,418,437,93
4466,Mon Sep 07 17:13:05 BDT 2026,Mon Sep 07 17:13:06 BDT 2026,GET,https://tfctest-003-production.up.railway.app/products/3?_rsc=%40,200,OK,373,429,1119
4467,Mon Sep 07 17:13:05 BDT 2026,Mon Sep 07 17:13:06 BDT 2026,GET,https://tfctest-003-production.up.railway.app/products/8?_rsc=%40,200,OK,385,429,1119
4468,Mon Sep 07 17:13:05 BDT 2026,Mon Sep 07 17:13:06 BDT 2026,GET,https://tfctest-003-production.up.railway.app/products/2?_rsc=%40,200,OK,378,429,1119
4469,Mon Sep 07 17:13:04 BDT 2026,Mon Sep 07 17:13:05 BDT 2026,GET,https://tfctest-003-production.up.railway.app/orders?=,200,OK,427,429,6488
4470,Mon Sep 07 17:13:05 BDT 2026,Mon Sep 07 17:13:06 BDT 2026,GET,https://tfctest-003-production.up.railway.app/products/7?_rsc=%40,200,OK,356,429,1119
4471,Mon Sep 07 17:13:05 BDT 2026,Mon Sep 07 17:13:06 BDT 2026,GET,https://tfctest-003-production.up.railway.app/products/10?_rsc=%40,200,OK,391,429,1120
4472,Mon Sep 07 17:13:05 BDT 2026,Mon Sep 07 17:13:06 BDT 2026,GET,https://tfctest-003-production.up.railway.app/products/9?_rsc=%40,200,OK,406,429,1119
4473,Mon Sep 07 17:13:05 BDT 2026,Mon Sep 07 17:13:06 BDT 2026,GET,https://tfctest-003-production.up.railway.app/products/6?_rsc=%40,200,OK,402,429,1119
4474,Mon Sep 07 17:13:05 BDT 2026,Mon Sep 07 17:13:06 BDT 2026,GET,https://tfctest-003-production.up.railway.app/products/4?_rsc=%40,200,OK,411,429,1119
4475,Mon Sep 07 17:13:06 BDT 2026,Mon Sep 07 17:13:06 BDT 2026,GET,https://tfctest-003-production.up.railway.app/login?_rsc=%2B,200,OK,389,429,1052
4476,Mon Sep 07 17:13:05 BDT 2026,Mon Sep 07 17:13:06 BDT 2026,GET,https://tfctest-003-production.up.railway.app/user/054dc930-e12d-4c0d-9a62-90bfe72bc4ab?_rsc=,200,OK,390,429,3343
4477,Mon Sep 07 17:13:05 BDT 2026,Mon Sep 07 17:13:06 BDT 2026,GET,https://tfctest-003-production.up.railway.app/products/5?_rsc=%40,200,OK,500,428,332
4478,Mon Sep 07 17:13:06 BDT 2026,Mon Sep 07 17:13:06 BDT 2026,POST,https://tfctest-003-production.up.railway.app/checkout,500,Internal Server Error,384,437,93
4479,Mon Sep 07 17:13:05 BDT 2026,Mon Sep 07 17:13:06 BDT 2026,GET,https://tfctest-003-production.up.railway.app/checkout?_rsc=%40,200,OK,409,429,2403
4480,Mon Sep 07 17:13:06 BDT 2026,Mon Sep 07 17:13:07 BDT 2026,POST,https://tfctest-003-production.up.railway.app/checkout,500,Internal Server Error,387,437,93
4481,Mon Sep 07 17:13:06 BDT 2026,Mon Sep 07 17:13:06 BDT 2026,GET,https://tfctest-003-production.up.railway.app/login?next=%2Fcheckout&=,200,OK,385,428,284
4482,Mon Sep 07 17:13:06 BDT 2026,Mon Sep 07 17:13:06 BDT 2026,GET,https://tfctest-003-production.up.railway.app/login?next=%2B,200,OK,479,428,274
4483,Mon Sep 07 17:13:06 BDT 2026,Mon Sep 07 17:13:06 BDT 2026,GET,https://tfctest-003-production.up.railway.app/products/3?_rsc=%2B,200,OK,416,429,1119
4484,Mon Sep 07 17:13:06 BDT 2026,Mon Sep 07 17:13:06 BDT 2026,GET,https://tfctest-003-production.up.railway.app/products/8?_rsc=%2B,200,OK,394,429,1119
4485,Mon Sep 07 17:13:06 BDT 2026,Mon Sep 07 17:13:07 BDT 2026,GET,https://tfctest-003-production.up.railway.app/products/2?_rsc=%2B,200,OK,378,429,1119
4486,Mon Sep 07 17:13:06 BDT 2026,Mon Sep 07 17:13:07 BDT 2026,GET,https://tfctest-003-production.up.railway.app/products/7?_rsc=%2B,200,OK,410,429,1119
4487,Mon Sep 07 17:13:06 BDT 2026,Mon Sep 07 17:13:07 BDT 2026,GET,https://tfctest-003-production.up.railway.app/products/10?_rsc=%2B,200,OK,385,429,1120
4488,Mon Sep 07 17:13:06 BDT 2026,Mon Sep 07 17:13:07 BDT 2026,GET,https://tfctest-003-production.up.railway.app/login?_rsc=%00,200,OK,370,429,1052
4489,Mon Sep 07 17:13:06 BDT 2026,Mon Sep 07 17:13:07 BDT 2026,GET,https://tfctest-003-production.up.railway.app/products/4?_rsc=%2B,200,OK,394,429,1119
4490,Mon Sep 07 17:13:06 BDT 2026,Mon Sep 07 17:13:07 BDT 2026,GET,https://tfctest-003-production.up.railway.app/products/6?_rsc=%2B,200,OK,386,429,1119
4491,Mon Sep 07 17:13:06 BDT 2026,Mon Sep 07 17:13:07 BDT 2026,GET,https://tfctest-003-production.up.railway.app/products/9?_rsc=%2B,200,OK,388,429,1119
4492,Mon Sep 07 17:13:06 BDT 2026,Mon Sep 07 17:13:07 BDT 2026,GET,https://tfctest-003-production.up.railway.app/products/5?_rsc=%2B,200,OK,399,428,332
4493,Mon Sep 07 17:13:06 BDT 2026,Mon Sep 07 17:13:07 BDT 2026,GET,https://tfctest-003-production.up.railway.app/user/054dc930-e12d-4c0d-9a62-90bfe72bc4ab?_rsc=%40,200,OK,370,429,3343
4494,Mon Sep 07 17:13:07 BDT 2026,Mon Sep 07 17:13:07 BDT 2026,GET,https://tfctest-003-production.up.railway.app/login?next=%2Fcheckout&_rsc=,200,OK,370,428,282
4495,Mon Sep 07 17:13:07 BDT 2026,Mon Sep 07 17:13:07 BDT 2026,GET,https://tfctest-003-production.up.railway.app/login?next=%00,200,OK,378,428,274
4496,Mon Sep 07 17:13:07 BDT 2026,Mon Sep 07 17:13:07 BDT 2026,GET,https://tfctest-003-production.up.railway.app/products/8?_rsc=%00,200,OK,385,429,1119
4497,Mon Sep 07 17:13:07 BDT 2026,Mon Sep 07 17:13:07 BDT 2026,GET,https://tfctest-003-production.up.railway.app/products/2?_rsc=%00,200,OK,387,429,1119
4498,Mon Sep 07 17:13:07 BDT 2026,Mon Sep 07 17:13:07 BDT 2026,GET,https://tfctest-003-production.up.railway.app/products/3?_rsc=%00,200,OK,385,429,1119
4499,Mon Sep 07 17:13:07 BDT 2026,Mon Sep 07 17:13:07 BDT 2026,GET,https://tfctest-003-production.up.railway.app/products/7?_rsc=%00,200,OK,380,429,1119
4500,Mon Sep 07 17:13:07 BDT 2026,Mon Sep 07 17:13:07 BDT 2026,GET,https://tfctest-003-production.up.railway.app/checkout?_rsc=%2B,200,OK,385,429,2403
4501,Mon Sep 07 17:13:07 BDT 2026,Mon Sep 07 17:13:07 BDT 2026,GET,https://tfctest-003-production.up.railway.app/products/10?_rsc=%00,200,OK,380,429,1120
4502,Mon Sep 07 17:13:07 BDT 2026,Mon Sep 07 17:13:07 BDT 2026,GET,https://tfctest-003-production.up.railway.app/login?_rsc=%7C,200,OK,389,429,1052
4503,Mon Sep 07 17:13:06 BDT 2026,Mon Sep 07 17:13:07 BDT 2026,GET,https://tfctest-003-production.up.railway.app/orders?_rsc=,200,OK,406,429,6462
4504,Mon Sep 07 17:13:07 BDT 2026,Mon Sep 07 17:13:07 BDT 2026,GET,https://tfctest-003-production.up.railway.app/products/9?_rsc=%00,200,OK,394,429,1119
4505,Mon Sep 07 17:13:07 BDT 2026,Mon Sep 07 17:13:07 BDT 2026,GET,https://tfctest-003-production.up.railway.app/products/4?_rsc=%00,200,OK,406,429,1119
4506,Mon Sep 07 17:13:07 BDT 2026,Mon Sep 07 17:13:07 BDT 2026,GET,https://tfctest-003-production.up.railway.app/products/6?_rsc=%00,200,OK,403,429,1119
4507,Mon Sep 07 17:13:07 BDT 2026,Mon Sep 07 17:13:08 BDT 2026,GET,https://tfctest-003-production.up.railway.app/products/5?_rsc=%00,200,OK,422,428,332
4508,Mon Sep 07 17:13:08 BDT 2026,Mon Sep 07 17:13:08 BDT 2026,GET,https://tfctest-003-production.up.railway.app/login?next=%2Fcheckout&_rsc=%40,200,OK,373,428,282
4509,Mon Sep 07 17:13:08 BDT 2026,Mon Sep 07 17:13:08 BDT 2026,GET,https://tfctest-003-production.up.railway.app/login?next=%7C,200,OK,382,428,274
4510,Mon Sep 07 17:13:07 BDT 2026,Mon Sep 07 17:13:08 BDT 2026,GET,https://tfctest-003-production.up.railway.app/user/054dc930-e12d-4c0d-9a62-90bfe72bc4ab?_rsc=%2B,200,OK,386,429,3343
4511,Mon Sep 07 17:13:08 BDT 2026,Mon Sep 07 17:13:08 BDT 2026,GET,https://tfctest-003-production.up.railway.app/products/2?_rsc=%7C,200,OK,380,429,1119
4512,Mon Sep 07 17:13:08 BDT 2026,Mon Sep 07 17:13:08 BDT 2026,GET,https://tfctest-003-production.up.railway.app/products/8?_rsc=%7C,200,OK,397,429,1119
4513,Mon Sep 07 17:13:08 BDT 2026,Mon Sep 07 17:13:08 BDT 2026,GET,https://tfctest-003-production.up.railway.app/products/3?_rsc=%7C,200,OK,374,429,1119
4514,Mon Sep 07 17:13:08 BDT 2026,Mon Sep 07 17:13:08 BDT 2026,GET,https://tfctest-003-production.up.railway.app/products/7?_rsc=%7C,200,OK,384,429,1119
4515,Mon Sep 07 17:13:08 BDT 2026,Mon Sep 07 17:13:08 BDT 2026,GET,https://tfctest-003-production.up.railway.app/products/10?_rsc=%7C,200,OK,399,429,1120
4516,Mon Sep 07 17:13:08 BDT 2026,Mon Sep 07 17:13:08 BDT 2026,GET,https://tfctest-003-production.up.railway.app/products/9?_rsc=%7C,200,OK,375,429,1119
4517,Mon Sep 07 17:13:08 BDT 2026,Mon Sep 07 17:13:08 BDT 2026,GET,https://tfctest-003-production.up.railway.app/products/4?_rsc=%7C,200,OK,384,429,1119
4518,Mon Sep 07 17:13:08 BDT 2026,Mon Sep 07 17:13:08 BDT 2026,GET,https://tfctest-003-production.up.railway.app/products/5?_rsc=%7C,200,OK,394,428,332
4519,Mon Sep 07 17:13:08 BDT 2026,Mon Sep 07 17:13:08 BDT 2026,GET,https://tfctest-003-production.up.railway.app/checkout?_rsc=%00,200,OK,397,429,2403
4520,Mon Sep 07 17:13:08 BDT 2026,Mon Sep 07 17:13:08 BDT 2026,GET,https://tfctest-003-production.up.railway.app/products/6?_rsc=%7C,200,OK,429,429,1119
4521,Mon Sep 07 17:13:08 BDT 2026,Mon Sep 07 17:13:09 BDT 2026,GET,https://tfctest-003-production.up.railway.app/login?next=%2Fcheckout&_rsc=%2B,200,OK,384,428,282
4522,Mon Sep 07 17:13:08 BDT 2026,Mon Sep 07 17:13:09 BDT 2026,GET,https://tfctest-003-production.up.railway.app/user/054dc930-e12d-4c0d-9a62-90bfe72bc4ab?_rsc=%00,200,OK,497,429,3343
4523,Mon Sep 07 17:13:09 BDT 2026,Mon Sep 07 17:13:09 BDT 2026,GET,https://tfctest-003-production.up.railway.app/login?next=%2Fcheckout&_rsc=%00,200,OK,383,428,282
4524,Mon Sep 07 17:13:09 BDT 2026,Mon Sep 07 17:13:09 BDT 2026,GET,https://tfctest-003-production.up.railway.app/checkout?_rsc=%7C,200,OK,500,429,2403
4525,Mon Sep 07 17:13:08 BDT 2026,Mon Sep 07 17:13:08 BDT 2026,GET,https://tfctest-003-production.up.railway.app/orders?_rsc=%40,200,OK,459,429,6462
4526,Mon Sep 07 17:13:09 BDT 2026,Mon Sep 07 17:13:10 BDT 2026,GET,https://tfctest-003-production.up.railway.app/user/054dc930-e12d-4c0d-9a62-90bfe72bc4ab?_rsc=%7C,200,OK,394,429,3343
4527,Mon Sep 07 17:13:10 BDT 2026,Mon Sep 07 17:13:10 BDT 2026,GET,https://tfctest-003-production.up.railway.app/login?next=%2Fcheckout&_rsc=%7C,200,OK,366,428,282
4528,Mon Sep 07 17:13:10 BDT 2026,Mon Sep 07 17:13:10 BDT 2026,GET,https://tfctest-003-production.up.railway.app/orders?_rsc=%2B,200,OK,458,429,6462
4529,Mon Sep 07 17:13:12 BDT 2026,Mon Sep 07 17:13:12 BDT 2026,GET,https://tfctest-003-production.up.railway.app/orders?_rsc=%00,200,OK,383,429,6462
4530,Mon Sep 07 17:13:14 BDT 2026,Mon Sep 07 17:13:14 BDT 2026,GET,https://tfctest-003-production.up.railway.app/orders?_rsc=%7C,200,OK,509,429,6462
4531,Mon Sep 07 17:13:15 BDT 2026,Mon Sep 07 17:13:16 BDT 2026,GET,https://tfctest-003-production.up.railway.app/elmah.axd,404,Not Found,458,436,1109
4532,Mon Sep 07 17:13:15 BDT 2026,Mon Sep 07 17:13:16 BDT 2026,GET,https://tfctest-003-production.up.railway.app/trace.axd,404,Not Found,461,436,1109
4533,Mon Sep 07 17:13:15 BDT 2026,Mon Sep 07 17:13:16 BDT 2026,GET,https://tfctest-003-production.up.railway.app/trace.axd,404,Not Found,471,467,9303
4534,Mon Sep 07 17:13:15 BDT 2026,Mon Sep 07 17:13:16 BDT 2026,GET,https://tfctest-003-production.up.railway.app,200,OK,686,534,40580
4535,Mon Sep 07 17:13:15 BDT 2026,Mon Sep 07 17:13:16 BDT 2026,GET,https://tfctest-003-production.up.railway.app/trace.axd,404,Not Found,787,540,9573
4536,Mon Sep 07 17:13:15 BDT 2026,Mon Sep 07 17:13:16 BDT 2026,GET,https://tfctest-003-production.up.railway.app/user/trace.axd,404,Not Found,788,540,7313
4537,Mon Sep 07 17:13:16 BDT 2026,Mon Sep 07 17:13:17 BDT 2026,GET,https://tfctest-003-production.up.railway.app/_next,404,Not Found,467,361,9
4538,Mon Sep 07 17:13:17 BDT 2026,Mon Sep 07 17:13:17 BDT 2026,GET,https://tfctest-003-production.up.railway.app/_next/static,404,Not Found,374,361,9
4539,Mon Sep 07 17:13:17 BDT 2026,Mon Sep 07 17:13:17 BDT 2026,GET,https://tfctest-003-production.up.railway.app/_next/trace.axd,404,Not Found,381,361,9
4540,Mon Sep 07 17:13:17 BDT 2026,Mon Sep 07 17:13:17 BDT 2026,GET,https://tfctest-003-production.up.railway.app/_next/static/chunks,404,Not Found,383,361,9
4541,Mon Sep 07 17:13:17 BDT 2026,Mon Sep 07 17:13:18 BDT 2026,GET,https://tfctest-003-production.up.railway.app/_next/static/trace.axd,404,Not Found,377,361,9
4542,Mon Sep 07 17:13:17 BDT 2026,Mon Sep 07 17:13:18 BDT 2026,GET,https://tfctest-003-production.up.railway.app/products,404,Not Found,411,467,9302
4543,Mon Sep 07 17:13:17 BDT 2026,Mon Sep 07 17:13:18 BDT 2026,GET,https://tfctest-003-production.up.railway.app/_next/static/chunks/trace.axd,404,Not Found,416,361,9
4544,Mon Sep 07 17:13:18 BDT 2026,Mon Sep 07 17:13:18 BDT 2026,GET,https://tfctest-003-production.up.railway.app/products/trace.axd,307,Temporary Redirect,377,287,0
4545,Mon Sep 07 17:13:18 BDT 2026,Mon Sep 07 17:13:18 BDT 2026,GET,https://tfctest-003-production.up.railway.app/user,404,Not Found,601,435,271
4546,Mon Sep 07 17:13:18 BDT 2026,Mon Sep 07 17:13:19 BDT 2026,GET,https://tfctest-003-production.up.railway.app/.htaccess,404,Not Found,403,436,1109
4547,Mon Sep 07 17:13:18 BDT 2026,Mon Sep 07 17:13:19 BDT 2026,GET,https://tfctest-003-production.up.railway.app/user/.htaccess,404,Not Found,626,540,7313
4548,Mon Sep 07 17:13:18 BDT 2026,Mon Sep 07 17:13:19 BDT 2026,GET,https://tfctest-003-production.up.railway.app,200,OK,686,534,40580
4549,Mon Sep 07 17:13:19 BDT 2026,Mon Sep 07 17:13:19 BDT 2026,GET,https://tfctest-003-production.up.railway.app/_next,404,Not Found,370,361,9
4550,Mon Sep 07 17:13:19 BDT 2026,Mon Sep 07 17:13:20 BDT 2026,GET,https://tfctest-003-production.up.railway.app/_next/static,404,Not Found,380,361,9
4551,Mon Sep 07 17:13:20 BDT 2026,Mon Sep 07 17:13:20 BDT 2026,GET,https://tfctest-003-production.up.railway.app/_next/.htaccess,404,Not Found,369,361,9
4552,Mon Sep 07 17:13:20 BDT 2026,Mon Sep 07 17:13:20 BDT 2026,GET,https://tfctest-003-production.up.railway.app/_next/static/chunks,404,Not Found,376,361,9
4553,Mon Sep 07 17:13:20 BDT 2026,Mon Sep 07 17:13:21 BDT 2026,GET,https://tfctest-003-production.up.railway.app/_next/static/.htaccess,404,Not Found,373,361,9
4554,Mon Sep 07 17:13:20 BDT 2026,Mon Sep 07 17:13:21 BDT 2026,GET,https://tfctest-003-production.up.railway.app/_next/static/chunks/.htaccess,404,Not Found,374,361,9
4555,Mon Sep 07 17:13:20 BDT 2026,Mon Sep 07 17:13:21 BDT 2026,GET,https://tfctest-003-production.up.railway.app/products,404,Not Found,387,467,9302
4556,Mon Sep 07 17:13:21 BDT 2026,Mon Sep 07 17:13:21 BDT 2026,GET,https://tfctest-003-production.up.railway.app/products/.htaccess,307,Temporary Redirect,447,287,0
4557,Mon Sep 07 17:13:21 BDT 2026,Mon Sep 07 17:13:21 BDT 2026,GET,https://tfctest-003-production.up.railway.app/user,404,Not Found,446,435,271
4558,Mon Sep 07 17:13:21 BDT 2026,Mon Sep 07 17:13:21 BDT 2026,GET,https://tfctest-003-production.up.railway.app/.env,404,Not Found,395,436,1109
4559,Mon Sep 07 17:13:21 BDT 2026,Mon Sep 07 17:13:22 BDT 2026,GET,https://tfctest-003-production.up.railway.app/user/.env,404,Not Found,612,540,7303
4560,Mon Sep 07 17:13:21 BDT 2026,Mon Sep 07 17:13:22 BDT 2026,GET,https://tfctest-003-production.up.railway.app,200,OK,802,534,40580
4561,Mon Sep 07 17:13:22 BDT 2026,Mon Sep 07 17:13:22 BDT 2026,GET,https://tfctest-003-production.up.railway.app/_next,404,Not Found,387,361,9
4562,Mon Sep 07 17:13:22 BDT 2026,Mon Sep 07 17:13:23 BDT 2026,GET,https://tfctest-003-production.up.railway.app/_next/static,404,Not Found,376,361,9
4563,Mon Sep 07 17:13:23 BDT 2026,Mon Sep 07 17:13:23 BDT 2026,GET,https://tfctest-003-production.up.railway.app/_next/.env,404,Not Found,372,361,9
4564,Mon Sep 07 17:13:23 BDT 2026,Mon Sep 07 17:13:23 BDT 2026,GET,https://tfctest-003-production.up.railway.app/_next/static/chunks,404,Not Found,386,361,9
4565,Mon Sep 07 17:13:23 BDT 2026,Mon Sep 07 17:13:23 BDT 2026,GET,https://tfctest-003-production.up.railway.app/_next/static/.env,404,Not Found,377,361,9
4566,Mon Sep 07 17:13:23 BDT 2026,Mon Sep 07 17:13:23 BDT 2026,GET,https://tfctest-003-production.up.railway.app/_next/static/chunks/.env,404,Not Found,384,361,9
4567,Mon Sep 07 17:13:23 BDT 2026,Mon Sep 07 17:13:23 BDT 2026,GET,https://tfctest-003-production.up.railway.app/products,404,Not Found,393,467,9302
4568,Mon Sep 07 17:13:23 BDT 2026,Mon Sep 07 17:13:24 BDT 2026,GET,https://tfctest-003-production.up.railway.app/products/.env,307,Temporary Redirect,394,282,0
4569,Mon Sep 07 17:13:23 BDT 2026,Mon Sep 07 17:13:24 BDT 2026,GET,https://tfctest-003-production.up.railway.app/user,404,Not Found,403,435,271
4570,Mon Sep 07 17:13:24 BDT 2026,Mon Sep 07 17:13:24 BDT 2026,GET,https://tfctest-003-production.up.railway.app/zap4612550899950973543,404,Not Found,394,436,1109
4571,Mon Sep 07 17:13:24 BDT 2026,Mon Sep 07 17:13:24 BDT 2026,GET,https://tfctest-003-production.up.railway.app/actuator/health,404,Not Found,403,436,1109
4572,Mon Sep 07 17:13:24 BDT 2026,Mon Sep 07 17:13:24 BDT 2026,GET,https://tfctest-003-production.up.railway.app,200,OK,707,534,40580
4573,Mon Sep 07 17:13:24 BDT 2026,Mon Sep 07 17:13:25 BDT 2026,GET,https://tfctest-003-production.up.railway.app/.zap3895807496954749078,404,Not Found,393,436,1109
4574,Mon Sep 07 17:13:24 BDT 2026,Mon Sep 07 17:13:25 BDT 2026,GET,https://tfctest-003-production.up.railway.app/actuator/health,404,Not Found,400,436,1109
4575,Mon Sep 07 17:13:24 BDT 2026,Mon Sep 07 17:13:25 BDT 2026,GET,https://tfctest-003-production.up.railway.app/_next,404,Not Found,379,361,9
4576,Mon Sep 07 17:13:25 BDT 2026,Mon Sep 07 17:13:25 BDT 2026,GET,https://tfctest-003-production.up.railway.app/lfm.php,404,Not Found,394,436,1109
4577,Mon Sep 07 17:13:25 BDT 2026,Mon Sep 07 17:13:25 BDT 2026,GET,https://tfctest-003-production.up.railway.app/_next/static,404,Not Found,372,361,9
4578,Mon Sep 07 17:13:25 BDT 2026,Mon Sep 07 17:13:25 BDT 2026,GET,https://tfctest-003-production.up.railway.app/.idea/WebServers.xml,404,Not Found,519,436,1109
4579,Mon Sep 07 17:13:25 BDT 2026,Mon Sep 07 17:13:26 BDT 2026,GET,https://tfctest-003-production.up.railway.app/_next/static/chunks,404,Not Found,376,361,9
4580,Mon Sep 07 17:13:25 BDT 2026,Mon Sep 07 17:13:26 BDT 2026,GET,https://tfctest-003-production.up.railway.app/config/databases.yml,404,Not Found,392,436,1109
4581,Mon Sep 07 17:13:26 BDT 2026,Mon Sep 07 17:13:26 BDT 2026,GET,https://tfctest-003-production.up.railway.app/products,404,Not Found,397,467,9302
4582,Mon Sep 07 17:13:26 BDT 2026,Mon Sep 07 17:13:26 BDT 2026,GET,https://tfctest-003-production.up.railway.app/config/database.yml,404,Not Found,384,436,1109
4583,Mon Sep 07 17:13:26 BDT 2026,Mon Sep 07 17:13:26 BDT 2026,GET,https://tfctest-003-production.up.railway.app/user,404,Not Found,389,435,271
4584,Mon Sep 07 17:13:26 BDT 2026,Mon Sep 07 17:13:27 BDT 2026,GET,https://tfctest-003-production.up.railway.app/.git/config,404,Not Found,381,436,1109
4585,Mon Sep 07 17:13:27 BDT 2026,Mon Sep 07 17:13:27 BDT 2026,GET,https://tfctest-003-production.up.railway.app/.svn/entries,404,Not Found,393,436,1109
4586,Mon Sep 07 17:13:27 BDT 2026,Mon Sep 07 17:13:27 BDT 2026,GET,https://tfctest-003-production.up.railway.app/.svn/wc.db,404,Not Found,379,436,1109
4587,Mon Sep 07 17:13:27 BDT 2026,Mon Sep 07 17:13:28 BDT 2026,GET,https://tfctest-003-production.up.railway.app/CVS/root,404,Not Found,395,436,1109
4588,Mon Sep 07 17:13:28 BDT 2026,Mon Sep 07 17:13:28 BDT 2026,GET,https://tfctest-003-production.up.railway.app/server-status,404,Not Found,392,436,1109
4589,Mon Sep 07 17:13:28 BDT 2026,Mon Sep 07 17:13:29 BDT 2026,GET,https://tfctest-003-production.up.railway.app/core,404,Not Found,388,436,1109
4590,Mon Sep 07 17:13:29 BDT 2026,Mon Sep 07 17:13:29 BDT 2026,GET,https://tfctest-003-production.up.railway.app/sftp-config.json,404,Not Found,384,436,1109
4591,Mon Sep 07 17:13:29 BDT 2026,Mon Sep 07 17:13:29 BDT 2026,GET,https://tfctest-003-production.up.railway.app/WS_FTP.ini,404,Not Found,381,436,1109
4592,Mon Sep 07 17:13:29 BDT 2026,Mon Sep 07 17:13:30 BDT 2026,GET,https://tfctest-003-production.up.railway.app/ws_ftp.ini,404,Not Found,409,436,1109
4593,Mon Sep 07 17:13:30 BDT 2026,Mon Sep 07 17:13:30 BDT 2026,GET,https://tfctest-003-production.up.railway.app/WS_FTP.INI,404,Not Found,387,436,1109
4594,Mon Sep 07 17:13:30 BDT 2026,Mon Sep 07 17:13:31 BDT 2026,GET,https://tfctest-003-production.up.railway.app/filezilla.xml,404,Not Found,385,436,1109
4595,Mon Sep 07 17:13:31 BDT 2026,Mon Sep 07 17:13:31 BDT 2026,GET,https://tfctest-003-production.up.railway.app/sitemanager.xml,404,Not Found,388,436,1109
4596,Mon Sep 07 17:13:31 BDT 2026,Mon Sep 07 17:13:31 BDT 2026,GET,https://tfctest-003-production.up.railway.app/FileZilla.xml,404,Not Found,403,436,1109
4597,Mon Sep 07 17:13:31 BDT 2026,Mon Sep 07 17:13:32 BDT 2026,GET,https://tfctest-003-production.up.railway.app/winscp.ini,404,Not Found,380,436,1109
4598,Mon Sep 07 17:13:32 BDT 2026,Mon Sep 07 17:13:32 BDT 2026,GET,https://tfctest-003-production.up.railway.app/WinSCP.ini,404,Not Found,387,436,1109
4599,Mon Sep 07 17:13:32 BDT 2026,Mon Sep 07 17:13:32 BDT 2026,GET,https://tfctest-003-production.up.railway.app/.DS_Store,404,Not Found,400,436,1109
4600,Mon Sep 07 17:13:32 BDT 2026,Mon Sep 07 17:13:33 BDT 2026,GET,https://tfctest-003-production.up.railway.app/.php_cs.cache,404,Not Found,419,436,1109
4601,Mon Sep 07 17:13:33 BDT 2026,Mon Sep 07 17:13:33 BDT 2026,GET,https://tfctest-003-production.up.railway.app/DEADJOE,404,Not Found,378,436,1109
4602,Mon Sep 07 17:13:33 BDT 2026,Mon Sep 07 17:13:34 BDT 2026,GET,https://tfctest-003-production.up.railway.app/sites/default/private/files/backup_migrate/scheduled/test.txt,404,Not Found,374,436,1109
4603,Mon Sep 07 17:13:34 BDT 2026,Mon Sep 07 17:13:34 BDT 2026,GET,https://tfctest-003-production.up.railway.app/app/etc/local.xml,404,Not Found,393,436,1109
4604,Mon Sep 07 17:13:34 BDT 2026,Mon Sep 07 17:13:34 BDT 2026,GET,https://tfctest-003-production.up.railway.app/server.key,404,Not Found,406,436,1109
4605,Mon Sep 07 17:13:34 BDT 2026,Mon Sep 07 17:13:35 BDT 2026,GET,https://tfctest-003-production.up.railway.app/privatekey.key,404,Not Found,382,436,1109
4606,Mon Sep 07 17:13:35 BDT 2026,Mon Sep 07 17:13:35 BDT 2026,GET,https://tfctest-003-production.up.railway.app/myserver.key,404,Not Found,372,436,1109
4607,Mon Sep 07 17:13:35 BDT 2026,Mon Sep 07 17:13:36 BDT 2026,GET,https://tfctest-003-production.up.railway.app/key.pem,404,Not Found,379,436,1109
4608,Mon Sep 07 17:13:36 BDT 2026,Mon Sep 07 17:13:36 BDT 2026,GET,https://tfctest-003-production.up.railway.app/id_rsa,404,Not Found,388,436,1109
4609,Mon Sep 07 17:13:36 BDT 2026,Mon Sep 07 17:13:36 BDT 2026,GET,https://tfctest-003-production.up.railway.app/id_dsa,404,Not Found,390,436,1109
4610,Mon Sep 07 17:13:36 BDT 2026,Mon Sep 07 17:13:37 BDT 2026,GET,https://tfctest-003-production.up.railway.app/.ssh/id_rsa,404,Not Found,376,436,1109
4611,Mon Sep 07 17:13:37 BDT 2026,Mon Sep 07 17:13:37 BDT 2026,GET,https://tfctest-003-production.up.railway.app/.ssh/id_dsa,404,Not Found,391,436,1109
4612,Mon Sep 07 17:13:37 BDT 2026,Mon Sep 07 17:13:38 BDT 2026,GET,https://tfctest-003-production.up.railway.app/adminer.php,404,Not Found,400,436,1109
4613,Mon Sep 07 17:13:38 BDT 2026,Mon Sep 07 17:13:38 BDT 2026,GET,https://tfctest-003-production.up.railway.app/vb_test.php,404,Not Found,388,436,1109
4614,Mon Sep 07 17:13:38 BDT 2026,Mon Sep 07 17:13:38 BDT 2026,GET,https://tfctest-003-production.up.railway.app/CHANGELOG.txt,404,Not Found,390,436,1109
4615,Mon Sep 07 17:13:38 BDT 2026,Mon Sep 07 17:13:39 BDT 2026,GET,https://tfctest-003-production.up.railway.app/sites/default/files/.ht.sqlite,404,Not Found,392,436,1109
4616,Mon Sep 07 17:13:39 BDT 2026,Mon Sep 07 17:13:39 BDT 2026,GET,https://tfctest-003-production.up.railway.app/composer.json,404,Not Found,375,436,1109
4617,Mon Sep 07 17:13:39 BDT 2026,Mon Sep 07 17:13:39 BDT 2026,GET,https://tfctest-003-production.up.railway.app/composer.lock,404,Not Found,405,436,1109
4618,Mon Sep 07 17:13:39 BDT 2026,Mon Sep 07 17:13:40 BDT 2026,GET,https://tfctest-003-production.up.railway.app/vim_settings.xml,404,Not Found,389,436,1109
4619,Mon Sep 07 17:13:40 BDT 2026,Mon Sep 07 17:13:40 BDT 2026,GET,https://tfctest-003-production.up.railway.app/server-info,404,Not Found,386,436,1109
4620,Mon Sep 07 17:13:40 BDT 2026,Mon Sep 07 17:13:41 BDT 2026,GET,https://tfctest-003-production.up.railway.app/phpinfo.php,404,Not Found,382,436,1109
4621,Mon Sep 07 17:13:41 BDT 2026,Mon Sep 07 17:13:41 BDT 2026,GET,https://tfctest-003-production.up.railway.app/info.php,404,Not Found,385,436,1109
4622,Mon Sep 07 17:13:41 BDT 2026,Mon Sep 07 17:13:41 BDT 2026,GET,https://tfctest-003-production.up.railway.app/i.php,404,Not Found,384,436,1109
4623,Mon Sep 07 17:13:41 BDT 2026,Mon Sep 07 17:13:42 BDT 2026,GET,https://tfctest-003-production.up.railway.app/test.php,404,Not Found,391,436,1109
4624,Mon Sep 07 17:13:42 BDT 2026,Mon Sep 07 17:13:42 BDT 2026,GET,https://tfctest-003-production.up.railway.app/_wpeprivate/config.json,404,Not Found,380,436,1109
4625,Mon Sep 07 17:13:42 BDT 2026,Mon Sep 07 17:13:43 BDT 2026,GET,https://tfctest-003-production.up.railway.app/_framework/blazor.boot.json,404,Not Found,382,436,1109
4626,Mon Sep 07 17:13:43 BDT 2026,Mon Sep 07 17:13:43 BDT 2026,GET,https://tfctest-003-production.up.railway.app/.hg,404,Not Found,400,436,1109
4627,Mon Sep 07 17:13:43 BDT 2026,Mon Sep 07 17:13:43 BDT 2026,GET,https://tfctest-003-production.up.railway.app/.bzr,404,Not Found,382,436,1109
4628,Mon Sep 07 17:13:43 BDT 2026,Mon Sep 07 17:13:44 BDT 2026,GET,https://tfctest-003-production.up.railway.app/._darcs,404,Not Found,383,436,1109
4629,Mon Sep 07 17:13:44 BDT 2026,Mon Sep 07 17:13:44 BDT 2026,GET,https://tfctest-003-production.up.railway.app/BitKeeper,404,Not Found,393,436,1109
4630,Mon Sep 07 17:13:44 BDT 2026,Mon Sep 07 17:13:45 BDT 2026,POST,https://tfctest-003-production.up.railway.app/user/054dc930-e12d-4c0d-9a62-90bfe72bc4ab,500,Internal Server Error,423,437,93
4631,Mon Sep 07 17:13:44 BDT 2026,Mon Sep 07 17:13:45 BDT 2026,POST,https://tfctest-003-production.up.railway.app/checkout,500,Internal Server Error,433,437,93
4632,Mon Sep 07 17:13:44 BDT 2026,Mon Sep 07 17:13:45 BDT 2026,GET,https://tfctest-003-production.up.railway.app,200,OK,737,534,40580
4633,Mon Sep 07 17:13:44 BDT 2026,Mon Sep 07 17:13:45 BDT 2026,GET,https://tfctest-003-production.up.railway.app/?_rsc=%3C,200,OK,390,428,998
4634,Mon Sep 07 17:13:45 BDT 2026,Mon Sep 07 17:13:45 BDT 2026,POST,https://tfctest-003-production.up.railway.app/user/054dc930-e12d-4c0d-9a62-90bfe72bc4ab,500,Internal Server Error,378,437,93
4635,Mon Sep 07 17:13:45 BDT 2026,Mon Sep 07 17:13:45 BDT 2026,POST,https://tfctest-003-production.up.railway.app/checkout,500,Internal Server Error,393,437,93
4636,Mon Sep 07 17:13:45 BDT 2026,Mon Sep 07 17:13:45 BDT 2026,GET,https://tfctest-003-production.up.railway.app/_next,404,Not Found,371,361,9
4637,Mon Sep 07 17:13:45 BDT 2026,Mon Sep 07 17:13:45 BDT 2026,POST,https://tfctest-003-production.up.railway.app/user/054dc930-e12d-4c0d-9a62-90bfe72bc4ab,500,Internal Server Error,390,437,92
4638,Mon Sep 07 17:13:45 BDT 2026,Mon Sep 07 17:13:45 BDT 2026,POST,https://tfctest-003-production.up.railway.app/checkout,500,Internal Server Error,402,437,92
4639,Mon Sep 07 17:13:45 BDT 2026,Mon Sep 07 17:13:46 BDT 2026,GET,https://tfctest-003-production.up.railway.app/_next/static,404,Not Found,389,361,9
4640,Mon Sep 07 17:13:45 BDT 2026,Mon Sep 07 17:13:45 BDT 2026,GET,https://tfctest-003-production.up.railway.app/?_rsc=%3Cxsl%3Avalue-of+select%3D%22system-property%28%27xsl%3Avendor%27%29%22%2F%3E,200,OK,388,428,998
4641,Mon Sep 07 17:13:45 BDT 2026,Mon Sep 07 17:13:46 BDT 2026,POST,https://tfctest-003-production.up.railway.app/user/054dc930-e12d-4c0d-9a62-90bfe72bc4ab,500,Internal Server Error,379,437,93
4642,Mon Sep 07 17:13:45 BDT 2026,Mon Sep 07 17:13:46 BDT 2026,POST,https://tfctest-003-production.up.railway.app/checkout,500,Internal Server Error,396,437,93
4643,Mon Sep 07 17:13:46 BDT 2026,Mon Sep 07 17:13:46 BDT 2026,GET,https://tfctest-003-production.up.railway.app/_next/static/chunks,404,Not Found,382,361,9
4644,Mon Sep 07 17:13:46 BDT 2026,Mon Sep 07 17:13:46 BDT 2026,POST,https://tfctest-003-production.up.railway.app/user/054dc930-e12d-4c0d-9a62-90bfe72bc4ab,500,Internal Server Error,398,437,93
4645,Mon Sep 07 17:13:46 BDT 2026,Mon Sep 07 17:13:46 BDT 2026,POST,https://tfctest-003-production.up.railway.app/checkout,500,Internal Server Error,396,437,93
4646,Mon Sep 07 17:13:46 BDT 2026,Mon Sep 07 17:13:46 BDT 2026,GET,https://tfctest-003-production.up.railway.app/login?next=%3C&_rsc=5CB68i4pnAekjehf,200,OK,434,428,274
4647,Mon Sep 07 17:13:46 BDT 2026,Mon Sep 07 17:13:46 BDT 2026,GET,https://tfctest-003-production.up.railway.app/products,404,Not Found,445,467,9302
4648,Mon Sep 07 17:13:46 BDT 2026,Mon Sep 07 17:13:46 BDT 2026,GET,https://tfctest-003-production.up.railway.app/?_rsc=system-property%28%27xsl%3Avendor%27%29%2F%3E,200,OK,396,428,998
4649,Mon Sep 07 17:13:46 BDT 2026,Mon Sep 07 17:13:46 BDT 2026,POST,https://tfctest-003-production.up.railway.app/user/054dc930-e12d-4c0d-9a62-90bfe72bc4ab,500,Internal Server Error,381,437,93
4650,Mon Sep 07 17:13:46 BDT 2026,Mon Sep 07 17:13:47 BDT 2026,POST,https://tfctest-003-production.up.railway.app/checkout,500,Internal Server Error,407,437,93
4651,Mon Sep 07 17:13:46 BDT 2026,Mon Sep 07 17:13:46 BDT 2026,GET,https://tfctest-003-production.up.railway.app/login?next=%3C,200,OK,428,428,274
4652,Mon Sep 07 17:13:46 BDT 2026,Mon Sep 07 17:13:47 BDT 2026,GET,https://tfctest-003-production.up.railway.app/login?next=%3Cxsl%3Avalue-of+select%3D%22system-property%28%27xsl%3Avendor%27%29%22%2F%3E&_rsc=5CB68i4pnAekjehf,200,OK,430,428,343
4653,Mon Sep 07 17:13:46 BDT 2026,Mon Sep 07 17:13:46 BDT 2026,GET,https://tfctest-003-production.up.railway.app/login?_rsc=%3C,200,OK,412,429,1052
4654,Mon Sep 07 17:13:46 BDT 2026,Mon Sep 07 17:13:47 BDT 2026,POST,https://tfctest-003-production.up.railway.app/user/054dc930-e12d-4c0d-9a62-90bfe72bc4ab,500,Internal Server Error,490,437,93
4655,Mon Sep 07 17:13:46 BDT 2026,Mon Sep 07 17:13:47 BDT 2026,GET,https://tfctest-003-production.up.railway.app/user,404,Not Found,512,435,271
4656,Mon Sep 07 17:13:47 BDT 2026,Mon Sep 07 17:13:47 BDT 2026,POST,https://tfctest-003-production.up.railway.app/checkout,500,Internal Server Error,417,437,93
4657,Mon Sep 07 17:13:46 BDT 2026,Mon Sep 07 17:13:46 BDT 2026,GET,https://tfctest-003-production.up.railway.app/checkout?_rsc=%3C,200,OK,429,429,2403
4658,Mon Sep 07 17:13:46 BDT 2026,Mon Sep 07 17:13:47 BDT 2026,GET,https://tfctest-003-production.up.railway.app/products/2?_rsc=%3C,200,OK,410,429,1119
4659,Mon Sep 07 17:13:47 BDT 2026,Mon Sep 07 17:13:47 BDT 2026,GET,https://tfctest-003-production.up.railway.app/login?next=system-property%28%27xsl%3Avendor%27%29%2F%3E&_rsc=5CB68i4pnAekjehf,200,OK,427,428,308
4660,Mon Sep 07 17:13:46 BDT 2026,Mon Sep 07 17:13:47 BDT 2026,GET,https://tfctest-003-production.up.railway.app/products/5?_rsc=%3C,200,OK,434,428,332
4661,Mon Sep 07 17:13:46 BDT 2026,Mon Sep 07 17:13:47 BDT 2026,GET,https://tfctest-003-production.up.railway.app/products/10?_rsc=%3C,200,OK,427,429,1120
4662,Mon Sep 07 17:13:46 BDT 2026,Mon Sep 07 17:13:47 BDT 2026,GET,https://tfctest-003-production.up.railway.app/products/4?_rsc=%3C,200,OK,416,429,1119
4663,Mon Sep 07 17:13:46 BDT 2026,Mon Sep 07 17:13:47 BDT 2026,GET,https://tfctest-003-production.up.railway.app/products/6?_rsc=%3C,200,OK,425,429,1119
4664,Mon Sep 07 17:13:46 BDT 2026,Mon Sep 07 17:13:47 BDT 2026,GET,https://tfctest-003-production.up.railway.app/products/9?_rsc=%3C,200,OK,432,429,1119
4665,Mon Sep 07 17:13:46 BDT 2026,Mon Sep 07 17:13:47 BDT 2026,GET,https://tfctest-003-production.up.railway.app/products/3?_rsc=%3C,200,OK,437,429,1119
4666,Mon Sep 07 17:13:46 BDT 2026,Mon Sep 07 17:13:47 BDT 2026,GET,https://tfctest-003-production.up.railway.app/products/8?_rsc=%3C,200,OK,479,429,1119
4667,Mon Sep 07 17:13:46 BDT 2026,Mon Sep 07 17:13:47 BDT 2026,GET,https://tfctest-003-production.up.railway.app/products/7?_rsc=%3C,200,OK,484,429,1119
4668,Mon Sep 07 17:13:46 BDT 2026,Mon Sep 07 17:13:47 BDT 2026,GET,https://tfctest-003-production.up.railway.app/?_rsc=%22%2F%3E%3Cxsl%3Avalue-of+select%3D%22system-property%28%27xsl%3Avendor%27%29%22%2F%3E%3C%21--,200,OK,499,428,998
4669,Mon Sep 07 17:13:47 BDT 2026,Mon Sep 07 17:13:47 BDT 2026,POST,https://tfctest-003-production.up.railway.app/checkout,500,Internal Server Error,412,437,93
4670,Mon Sep 07 17:13:47 BDT 2026,Mon Sep 07 17:13:47 BDT 2026,POST,https://tfctest-003-production.up.railway.app/user/054dc930-e12d-4c0d-9a62-90bfe72bc4ab,500,Internal Server Error,428,437,93
4671,Mon Sep 07 17:13:47 BDT 2026,Mon Sep 07 17:13:47 BDT 2026,GET,https://tfctest-003-production.up.railway.app/login?next=%3Cxsl%3Avalue-of+select%3D%22system-property%28%27xsl%3Avendor%27%29%22%2F%3E,200,OK,374,428,343
4672,Mon Sep 07 17:13:47 BDT 2026,Mon Sep 07 17:13:48 BDT 2026,GET,https://tfctest-003-production.up.railway.app/login?next=%22%2F%3E%3Cxsl%3Avalue-of+select%3D%22system-property%28%27xsl%3Avendor%27%29%22%2F%3E%3C%21--&_rsc=5CB68i4pnAekjehf,200,OK,377,428,358
4673,Mon Sep 07 17:13:47 BDT 2026,Mon Sep 07 17:13:47 BDT 2026,GET,https://tfctest-003-production.up.railway.app/login?_rsc=%3Cxsl%3Avalue-of+select%3D%22system-property%28%27xsl%3Avendor%27%29%22%2F%3E,200,OK,410,429,1052
4674,Mon Sep 07 17:13:47 BDT 2026,Mon Sep 07 17:13:48 BDT 2026,GET,https://tfctest-003-production.up.railway.app/products/2?_rsc=%3Cxsl%3Avalue-of+select%3D%22system-property%28%27xsl%3Avendor%27%29%22%2F%3E,200,OK,389,429,1119
4675,Mon Sep 07 17:13:47 BDT 2026,Mon Sep 07 17:13:47 BDT 2026,GET,https://tfctest-003-production.up.railway.app/user/054dc930-e12d-4c0d-9a62-90bfe72bc4ab?_rsc=%3C,200,OK,402,429,3343
4676,Mon Sep 07 17:13:47 BDT 2026,Mon Sep 07 17:13:48 BDT 2026,GET,https://tfctest-003-production.up.railway.app/products/10?_rsc=%3Cxsl%3Avalue-of+select%3D%22system-property%28%27xsl%3Avendor%27%29%22%2F%3E,200,OK,372,429,1120
4677,Mon Sep 07 17:13:48 BDT 2026,Mon Sep 07 17:13:48 BDT 2026,GET,https://tfctest-003-production.up.railway.app/login?next=%3Cxsl%3Avalue-of+select%3D%22system-property%28%27xsl%3Avendor%27%29%22%2F%3E%3C%21--&_rsc=5CB68i4pnAekjehf,200,OK,434,428,349
4678,Mon Sep 07 17:13:47 BDT 2026,Mon Sep 07 17:13:48 BDT 2026,GET,https://tfctest-003-production.up.railway.app/products/5?_rsc=%3Cxsl%3Avalue-of+select%3D%22system-property%28%27xsl%3Avendor%27%29%22%2F%3E,200,OK,386,428,332
4679,Mon Sep 07 17:13:47 BDT 2026,Mon Sep 07 17:13:48 BDT 2026,GET,https://tfctest-003-production.up.railway.app/products/4?_rsc=%3Cxsl%3Avalue-of+select%3D%22system-property%28%27xsl%3Avendor%27%29%22%2F%3E,200,OK,389,429,1119
4680,Mon Sep 07 17:13:47 BDT 2026,Mon Sep 07 17:13:48 BDT 2026,GET,https://tfctest-003-production.up.railway.app/products/3?_rsc=%3Cxsl%3Avalue-of+select%3D%22system-property%28%27xsl%3Avendor%27%29%22%2F%3E,200,OK,389,429,1119
4681,Mon Sep 07 17:13:47 BDT 2026,Mon Sep 07 17:13:48 BDT 2026,GET,https://tfctest-003-production.up.railway.app/products/9?_rsc=%3Cxsl%3Avalue-of+select%3D%22system-property%28%27xsl%3Avendor%27%29%22%2F%3E,200,OK,408,429,1119
4682,Mon Sep 07 17:13:47 BDT 2026,Mon Sep 07 17:13:48 BDT 2026,GET,https://tfctest-003-production.up.railway.app/products/6?_rsc=%3Cxsl%3Avalue-of+select%3D%22system-property%28%27xsl%3Avendor%27%29%22%2F%3E,200,OK,409,429,1119
4683,Mon Sep 07 17:13:47 BDT 2026,Mon Sep 07 17:13:48 BDT 2026,GET,https://tfctest-003-production.up.railway.app/products/7?_rsc=%3Cxsl%3Avalue-of+select%3D%22system-property%28%27xsl%3Avendor%27%29%22%2F%3E,200,OK,384,429,1119
4684,Mon Sep 07 17:13:46 BDT 2026,Mon Sep 07 17:13:46 BDT 2026,GET,https://tfctest-003-production.up.railway.app/orders?_rsc=%3C,200,OK,419,429,6462
4685,Mon Sep 07 17:13:47 BDT 2026,Mon Sep 07 17:13:48 BDT 2026,GET,https://tfctest-003-production.up.railway.app/products/8?_rsc=%3Cxsl%3Avalue-of+select%3D%22system-property%28%27xsl%3Avendor%27%29%22%2F%3E,200,OK,398,429,1119
4686,Mon Sep 07 17:13:47 BDT 2026,Mon Sep 07 17:13:48 BDT 2026,GET,https://tfctest-003-production.up.railway.app/?_rsc=%3Cxsl%3Avalue-of+select%3D%22system-property%28%27xsl%3Avendor%27%29%22%2F%3E%3C%21--,200,OK,431,428,998
4687,Mon Sep 07 17:13:47 BDT 2026,Mon Sep 07 17:13:48 BDT 2026,GET,https://tfctest-003-production.up.railway.app/checkout?_rsc=%3Cxsl%3Avalue-of+select%3D%22system-property%28%27xsl%3Avendor%27%29%22%2F%3E,200,OK,432,429,2403
4688,Mon Sep 07 17:13:48 BDT 2026,Mon Sep 07 17:13:48 BDT 2026,GET,https://tfctest-003-production.up.railway.app/login?next=system-property%28%27xsl%3Avendor%27%29%2F%3E,200,OK,387,428,308
4689,Mon Sep 07 17:13:48 BDT 2026,Mon Sep 07 17:13:48 BDT 2026,GET,https://tfctest-003-production.up.railway.app/login?_rsc=system-property%28%27xsl%3Avendor%27%29%2F%3E,200,OK,384,429,1052
4690,Mon Sep 07 17:13:48 BDT 2026,Mon Sep 07 17:13:49 BDT 2026,GET,https://tfctest-003-production.up.railway.app/login?next=%3Cxsl%3Avalue-of+select%3D%22document%28%27http%3A%2F%2Ftfctest-003-production.up.railway.app%3A22%27%29%22%2F%3E&_rsc=5CB68i4pnAekjehf,200,OK,397,428,379
4691,Mon Sep 07 17:13:48 BDT 2026,Mon Sep 07 17:13:48 BDT 2026,GET,https://tfctest-003-production.up.railway.app/products/2?_rsc=system-property%28%27xsl%3Avendor%27%29%2F%3E,200,OK,395,429,1119
4692,Mon Sep 07 17:13:48 BDT 2026,Mon Sep 07 17:13:49 BDT 2026,GET,https://tfctest-003-production.up.railway.app/products/10?_rsc=system-property%28%27xsl%3Avendor%27%29%2F%3E,200,OK,391,429,1120
4693,Mon Sep 07 17:13:49 BDT 2026,Mon Sep 07 17:13:49 BDT 2026,GET,https://tfctest-003-production.up.railway.app/login?next=%3Cxsl%3Avariable+name%3D%22rtobject%22+select%3D%22runtime%3AgetRuntime%28%29%22%2F%3E%0A%3Cxsl%3Avariable+name%3D%22process%22+select%3D%22runtime%3Aexec%28%24rtobject%2C%27erroneous_command%27%29%22%2F%3E%0A%3Cxsl%3Avariable+name%3D%22waiting%22+select%3D%22process%3AwaitFor%28%24process%29%22%2F%3E%0A%3Cxsl%3Avalue-of+select%3D%22%24process%22%2F%3E&_rsc=5CB68i4pnAekjehf,200,OK,412,428,624
4694,Mon Sep 07 17:13:48 BDT 2026,Mon Sep 07 17:13:49 BDT 2026,GET,https://tfctest-003-production.up.railway.app/products/7?_rsc=system-property%28%27xsl%3Avendor%27%29%2F%3E,200,OK,393,429,1119
4695,Mon Sep 07 17:13:48 BDT 2026,Mon Sep 07 17:13:49 BDT 2026,GET,https://tfctest-003-production.up.railway.app/products/8?_rsc=system-property%28%27xsl%3Avendor%27%29%2F%3E,200,OK,387,429,1119
4696,Mon Sep 07 17:13:48 BDT 2026,Mon Sep 07 17:13:49 BDT 2026,GET,https://tfctest-003-production.up.railway.app/products/9?_rsc=system-property%28%27xsl%3Avendor%27%29%2F%3E,200,OK,386,429,1119
4697,Mon Sep 07 17:13:48 BDT 2026,Mon Sep 07 17:13:49 BDT 2026,GET,https://tfctest-003-production.up.railway.app/products/3?_rsc=system-property%28%27xsl%3Avendor%27%29%2F%3E,200,OK,395,429,1119
4698,Mon Sep 07 17:13:48 BDT 2026,Mon Sep 07 17:13:49 BDT 2026,GET,https://tfctest-003-production.up.railway.app/products/4?_rsc=system-property%28%27xsl%3Avendor%27%29%2F%3E,200,OK,386,429,1119
4699,Mon Sep 07 17:13:48 BDT 2026,Mon Sep 07 17:13:49 BDT 2026,GET,https://tfctest-003-production.up.railway.app/products/6?_rsc=system-property%28%27xsl%3Avendor%27%29%2F%3E,200,OK,391,429,1119
4700,Mon Sep 07 17:13:48 BDT 2026,Mon Sep 07 17:13:49 BDT 2026,GET,https://tfctest-003-production.up.railway.app/?_rsc=%3Cxsl%3Avalue-of+select%3D%22document%28%27http%3A%2F%2Ftfctest-003-production.up.railway.app%3A22%27%29%22%2F%3E,200,OK,388,428,998
4701,Mon Sep 07 17:13:48 BDT 2026,Mon Sep 07 17:13:49 BDT 2026,GET,https://tfctest-003-production.up.railway.app/products/5?_rsc=system-property%28%27xsl%3Avendor%27%29%2F%3E,200,OK,517,428,332
4702,Mon Sep 07 17:13:48 BDT 2026,Mon Sep 07 17:13:48 BDT 2026,GET,https://tfctest-003-production.up.railway.app/user/054dc930-e12d-4c0d-9a62-90bfe72bc4ab?_rsc=%3Cxsl%3Avalue-of+select%3D%22system-property%28%27xsl%3Avendor%27%29%22%2F%3E,200,OK,381,429,3343
4703,Mon Sep 07 17:13:48 BDT 2026,Mon Sep 07 17:13:49 BDT 2026,GET,https://tfctest-003-production.up.railway.app/login?next=%22%2F%3E%3Cxsl%3Avalue-of+select%3D%22system-property%28%27xsl%3Avendor%27%29%22%2F%3E%3C%21--,200,OK,390,428,358
4704,Mon Sep 07 17:13:48 BDT 2026,Mon Sep 07 17:13:49 BDT 2026,GET,https://tfctest-003-production.up.railway.app/checkout?_rsc=system-property%28%27xsl%3Avendor%27%29%2F%3E,200,OK,381,429,2403
4705,Mon Sep 07 17:13:48 BDT 2026,Mon Sep 07 17:13:49 BDT 2026,GET,https://tfctest-003-production.up.railway.app/login?_rsc=%22%2F%3E%3Cxsl%3Avalue-of+select%3D%22system-property%28%27xsl%3Avendor%27%29%22%2F%3E%3C%21--,200,OK,383,429,1052
4706,Mon Sep 07 17:13:49 BDT 2026,Mon Sep 07 17:13:49 BDT 2026,GET,https://tfctest-003-production.up.railway.app/login?next=%3Cxsl%3Avalue-of+select%3D%22php%3Afunction%28%27exec%27%2C%27erroneous_command+2%3E%26amp%3B1%27%29%22%2F%3E&_rsc=5CB68i4pnAekjehf,200,OK,386,428,373
4707,Mon Sep 07 17:13:49 BDT 2026,Mon Sep 07 17:13:49 BDT 2026,GET,https://tfctest-003-production.up.railway.app/products/2?_rsc=%22%2F%3E%3Cxsl%3Avalue-of+select%3D%22system-property%28%27xsl%3Avendor%27%29%22%2F%3E%3C%21--,200,OK,394,429,1119
4708,Mon Sep 07 17:13:49 BDT 2026,Mon Sep 07 17:13:49 BDT 2026,GET,https://tfctest-003-production.up.railway.app/products/10?_rsc=%22%2F%3E%3Cxsl%3Avalue-of+select%3D%22system-property%28%27xsl%3Avendor%27%29%22%2F%3E%3C%21--,200,OK,388,429,1120
4709,Mon Sep 07 17:13:49 BDT 2026,Mon Sep 07 17:13:49 BDT 2026,GET,https://tfctest-003-production.up.railway.app/products/9?_rsc=%22%2F%3E%3Cxsl%3Avalue-of+select%3D%22system-property%28%27xsl%3Avendor%27%29%22%2F%3E%3C%21--,200,OK,409,429,1119
4710,Mon Sep 07 17:13:49 BDT 2026,Mon Sep 07 17:13:49 BDT 2026,GET,https://tfctest-003-production.up.railway.app/products/6?_rsc=%22%2F%3E%3Cxsl%3Avalue-of+select%3D%22system-property%28%27xsl%3Avendor%27%29%22%2F%3E%3C%21--,200,OK,411,429,1119
4711,Mon Sep 07 17:13:49 BDT 2026,Mon Sep 07 17:13:49 BDT 2026,GET,https://tfctest-003-production.up.railway.app/products/8?_rsc=%22%2F%3E%3Cxsl%3Avalue-of+select%3D%22system-property%28%27xsl%3Avendor%27%29%22%2F%3E%3C%21--,200,OK,420,429,1119
4712,Mon Sep 07 17:13:49 BDT 2026,Mon Sep 07 17:13:49 BDT 2026,GET,https://tfctest-003-production.up.railway.app/products/7?_rsc=%22%2F%3E%3Cxsl%3Avalue-of+select%3D%22system-property%28%27xsl%3Avendor%27%29%22%2F%3E%3C%21--,200,OK,415,429,1119
4713,Mon Sep 07 17:13:49 BDT 2026,Mon Sep 07 17:13:49 BDT 2026,GET,https://tfctest-003-production.up.railway.app/?_rsc=%3Cxsl%3Avariable+name%3D%22rtobject%22+select%3D%22runtime%3AgetRuntime%28%29%22%2F%3E%0A%3Cxsl%3Avariable+name%3D%22process%22+select%3D%22runtime%3Aexec%28%24rtobject%2C%27erroneous_command%27%29%22%2F%3E%0A%3Cxsl%3Avariable+name%3D%22waiting%22+select%3D%22process%3AwaitFor%28%24process%29%22%2F%3E%0A%3Cxsl%3Avalue-of+select%3D%22%24process%22%2F%3E,200,OK,411,428,998
4714,Mon Sep 07 17:13:49 BDT 2026,Mon Sep 07 17:13:49 BDT 2026,GET,https://tfctest-003-production.up.railway.app/products/3?_rsc=%22%2F%3E%3Cxsl%3Avalue-of+select%3D%22system-property%28%27xsl%3Avendor%27%29%22%2F%3E%3C%21--,200,OK,414,429,1119
4715,Mon Sep 07 17:13:49 BDT 2026,Mon Sep 07 17:13:49 BDT 2026,GET,https://tfctest-003-production.up.railway.app/products/4?_rsc=%22%2F%3E%3Cxsl%3Avalue-of+select%3D%22system-property%28%27xsl%3Avendor%27%29%22%2F%3E%3C%21--,200,OK,415,429,1119
4716,Mon Sep 07 17:13:49 BDT 2026,Mon Sep 07 17:13:49 BDT 2026,GET,https://tfctest-003-production.up.railway.app/products/5?_rsc=%22%2F%3E%3Cxsl%3Avalue-of+select%3D%22system-property%28%27xsl%3Avendor%27%29%22%2F%3E%3C%21--,200,OK,387,428,332
4717,Mon Sep 07 17:13:49 BDT 2026,Mon Sep 07 17:13:50 BDT 2026,GET,https://tfctest-003-production.up.railway.app/login?next=%3Cxsl%3Avalue-of+select%3D%22system-property%28%27xsl%3Avendor%27%29%22%2F%3E%3C%21--,200,OK,378,428,349
4718,Mon Sep 07 17:13:49 BDT 2026,Mon Sep 07 17:13:50 BDT 2026,GET,https://tfctest-003-production.up.railway.app/login?_rsc=%3Cxsl%3Avalue-of+select%3D%22system-property%28%27xsl%3Avendor%27%29%22%2F%3E%3C%21--,200,OK,386,429,1052
4719,Mon Sep 07 17:13:49 BDT 2026,Mon Sep 07 17:13:50 BDT 2026,GET,https://tfctest-003-production.up.railway.app/login?next=%2Fcheckout&_rsc=%3C,200,OK,385,428,282
4720,Mon Sep 07 17:13:49 BDT 2026,Mon Sep 07 17:13:49 BDT 2026,GET,https://tfctest-003-production.up.railway.app/user/054dc930-e12d-4c0d-9a62-90bfe72bc4ab?_rsc=system-property%28%27xsl%3Avendor%27%29%2F%3E,200,OK,386,429,3343
4721,Mon Sep 07 17:13:49 BDT 2026,Mon Sep 07 17:13:50 BDT 2026,GET,https://tfctest-003-production.up.railway.app/checkout?_rsc=%22%2F%3E%3Cxsl%3Avalue-of+select%3D%22system-property%28%27xsl%3Avendor%27%29%22%2F%3E%3C%21--,200,OK,403,429,2403
4722,Mon Sep 07 17:13:48 BDT 2026,Mon Sep 07 17:13:49 BDT 2026,GET,https://tfctest-003-production.up.railway.app/orders?_rsc=%3Cxsl%3Avalue-of+select%3D%22system-property%28%27xsl%3Avendor%27%29%22%2F%3E,200,OK,393,429,6462
4723,Mon Sep 07 17:13:50 BDT 2026,Mon Sep 07 17:13:50 BDT 2026,GET,https://tfctest-003-production.up.railway.app/products/2?_rsc=%3Cxsl%3Avalue-of+select%3D%22system-property%28%27xsl%3Avendor%27%29%22%2F%3E%3C%21--,200,OK,368,429,1119
4724,Mon Sep 07 17:13:50 BDT 2026,Mon Sep 07 17:13:50 BDT 2026,GET,https://tfctest-003-production.up.railway.app/products/7?_rsc=%3Cxsl%3Avalue-of+select%3D%22system-property%28%27xsl%3Avendor%27%29%22%2F%3E%3C%21--,200,OK,346,429,1119
4725,Mon Sep 07 17:13:50 BDT 2026,Mon Sep 07 17:13:50 BDT 2026,GET,https://tfctest-003-production.up.railway.app/products/5?_rsc=%3Cxsl%3Avalue-of+select%3D%22system-property%28%27xsl%3Avendor%27%29%22%2F%3E%3C%21--,200,OK,372,428,332
4726,Mon Sep 07 17:13:50 BDT 2026,Mon Sep 07 17:13:50 BDT 2026,GET,https://tfctest-003-production.up.railway.app/products/3?_rsc=%3Cxsl%3Avalue-of+select%3D%22system-property%28%27xsl%3Avendor%27%29%22%2F%3E%3C%21--,200,OK,392,429,1119
4727,Mon Sep 07 17:13:50 BDT 2026,Mon Sep 07 17:13:50 BDT 2026,GET,https://tfctest-003-production.up.railway.app/products/9?_rsc=%3Cxsl%3Avalue-of+select%3D%22system-property%28%27xsl%3Avendor%27%29%22%2F%3E%3C%21--,200,OK,388,429,1119
4728,Mon Sep 07 17:13:50 BDT 2026,Mon Sep 07 17:13:50 BDT 2026,GET,https://tfctest-003-production.up.railway.app/products/6?_rsc=%3Cxsl%3Avalue-of+select%3D%22system-property%28%27xsl%3Avendor%27%29%22%2F%3E%3C%21--,200,OK,378,429,1119
4729,Mon Sep 07 17:13:50 BDT 2026,Mon Sep 07 17:13:50 BDT 2026,GET,https://tfctest-003-production.up.railway.app/?_rsc=%3Cxsl%3Avalue-of+select%3D%22php%3Afunction%28%27exec%27%2C%27erroneous_command+2%3E%26amp%3B1%27%29%22%2F%3E,200,OK,391,428,998
4730,Mon Sep 07 17:13:50 BDT 2026,Mon Sep 07 17:13:50 BDT 2026,GET,https://tfctest-003-production.up.railway.app/products/10?_rsc=%3Cxsl%3Avalue-of+select%3D%22system-property%28%27xsl%3Avendor%27%29%22%2F%3E%3C%21--,200,OK,516,429,1120
4731,Mon Sep 07 17:13:50 BDT 2026,Mon Sep 07 17:13:50 BDT 2026,GET,https://tfctest-003-production.up.railway.app/products/8?_rsc=%3Cxsl%3Avalue-of+select%3D%22system-property%28%27xsl%3Avendor%27%29%22%2F%3E%3C%21--,200,OK,376,429,1119
4732,Mon Sep 07 17:13:50 BDT 2026,Mon Sep 07 17:13:50 BDT 2026,GET,https://tfctest-003-production.up.railway.app/products/4?_rsc=%3Cxsl%3Avalue-of+select%3D%22system-property%28%27xsl%3Avendor%27%29%22%2F%3E%3C%21--,200,OK,388,429,1119
4733,Mon Sep 07 17:13:50 BDT 2026,Mon Sep 07 17:13:50 BDT 2026,GET,https://tfctest-003-production.up.railway.app/login?next=%3Cxsl%3Avalue-of+select%3D%22document%28%27http%3A%2F%2Ftfctest-003-production.up.railway.app%3A22%27%29%22%2F%3E,200,OK,386,428,379
4734,Mon Sep 07 17:13:50 BDT 2026,Mon Sep 07 17:13:50 BDT 2026,GET,https://tfctest-003-production.up.railway.app/login?_rsc=%3Cxsl%3Avalue-of+select%3D%22document%28%27http%3A%2F%2Ftfctest-003-production.up.railway.app%3A22%27%29%22%2F%3E,200,OK,428,429,1052
4735,Mon Sep 07 17:13:50 BDT 2026,Mon Sep 07 17:13:50 BDT 2026,GET,https://tfctest-003-production.up.railway.app/login?next=%2Fcheckout&_rsc=%3Cxsl%3Avalue-of+select%3D%22system-property%28%27xsl%3Avendor%27%29%22%2F%3E,200,OK,379,428,282
4736,Mon Sep 07 17:13:50 BDT 2026,Mon Sep 07 17:13:50 BDT 2026,GET,https://tfctest-003-production.up.railway.app/user/054dc930-e12d-4c0d-9a62-90bfe72bc4ab?_rsc=%22%2F%3E%3Cxsl%3Avalue-of+select%3D%22system-property%28%27xsl%3Avendor%27%29%22%2F%3E%3C%21--,200,OK,387,429,3343
4737,Mon Sep 07 17:13:50 BDT 2026,Mon Sep 07 17:13:51 BDT 2026,GET,https://tfctest-003-production.up.railway.app/products/2?_rsc=%3Cxsl%3Avalue-of+select%3D%22document%28%27http%3A%2F%2Ftfctest-003-production.up.railway.app%3A22%27%29%22%2F%3E,200,OK,392,429,1119
4738,Mon Sep 07 17:13:50 BDT 2026,Mon Sep 07 17:13:51 BDT 2026,GET,https://tfctest-003-production.up.railway.app/checkout?_rsc=%3Cxsl%3Avalue-of+select%3D%22system-property%28%27xsl%3Avendor%27%29%22%2F%3E%3C%21--,200,OK,387,429,2403
4739,Mon Sep 07 17:13:50 BDT 2026,Mon Sep 07 17:13:51 BDT 2026,GET,https://tfctest-003-production.up.railway.app/products/7?_rsc=%3Cxsl%3Avalue-of+select%3D%22document%28%27http%3A%2F%2Ftfctest-003-production.up.railway.app%3A22%27%29%22%2F%3E,200,OK,393,429,1119
4740,Mon Sep 07 17:13:51 BDT 2026,Mon Sep 07 17:13:51 BDT 2026,GET,https://tfctest-003-production.up.railway.app/products/9?_rsc=%3Cxsl%3Avalue-of+select%3D%22document%28%27http%3A%2F%2Ftfctest-003-production.up.railway.app%3A22%27%29%22%2F%3E,200,OK,376,429,1119
4741,Mon Sep 07 17:13:51 BDT 2026,Mon Sep 07 17:13:51 BDT 2026,GET,https://tfctest-003-production.up.railway.app/products/5?_rsc=%3Cxsl%3Avalue-of+select%3D%22document%28%27http%3A%2F%2Ftfctest-003-production.up.railway.app%3A22%27%29%22%2F%3E,200,OK,392,428,332
4742,Mon Sep 07 17:13:51 BDT 2026,Mon Sep 07 17:13:51 BDT 2026,GET,https://tfctest-003-production.up.railway.app/products/3?_rsc=%3Cxsl%3Avalue-of+select%3D%22document%28%27http%3A%2F%2Ftfctest-003-production.up.railway.app%3A22%27%29%22%2F%3E,200,OK,394,429,1119
4743,Mon Sep 07 17:13:51 BDT 2026,Mon Sep 07 17:13:51 BDT 2026,GET,https://tfctest-003-production.up.railway.app/products/6?_rsc=%3Cxsl%3Avalue-of+select%3D%22document%28%27http%3A%2F%2Ftfctest-003-production.up.railway.app%3A22%27%29%22%2F%3E,200,OK,402,429,1119
4744,Mon Sep 07 17:13:51 BDT 2026,Mon Sep 07 17:13:51 BDT 2026,GET,https://tfctest-003-production.up.railway.app/products/8?_rsc=%3Cxsl%3Avalue-of+select%3D%22document%28%27http%3A%2F%2Ftfctest-003-production.up.railway.app%3A22%27%29%22%2F%3E,200,OK,391,429,1119
4745,Mon Sep 07 17:13:51 BDT 2026,Mon Sep 07 17:13:51 BDT 2026,GET,https://tfctest-003-production.up.railway.app/products/10?_rsc=%3Cxsl%3Avalue-of+select%3D%22document%28%27http%3A%2F%2Ftfctest-003-production.up.railway.app%3A22%27%29%22%2F%3E,200,OK,402,429,1120
4746,Mon Sep 07 17:13:51 BDT 2026,Mon Sep 07 17:13:51 BDT 2026,GET,https://tfctest-003-production.up.railway.app/products/4?_rsc=%3Cxsl%3Avalue-of+select%3D%22document%28%27http%3A%2F%2Ftfctest-003-production.up.railway.app%3A22%27%29%22%2F%3E,200,OK,402,429,1119
4747,Mon Sep 07 17:13:51 BDT 2026,Mon Sep 07 17:13:51 BDT 2026,GET,https://tfctest-003-production.up.railway.app/login?next=%3Cxsl%3Avariable+name%3D%22rtobject%22+select%3D%22runtime%3AgetRuntime%28%29%22%2F%3E%0A%3Cxsl%3Avariable+name%3D%22process%22+select%3D%22runtime%3Aexec%28%24rtobject%2C%27erroneous_command%27%29%22%2F%3E%0A%3Cxsl%3Avariable+name%3D%22waiting%22+select%3D%22process%3AwaitFor%28%24process%29%22%2F%3E%0A%3Cxsl%3Avalue-of+select%3D%22%24process%22%2F%3E,200,OK,377,428,624
4748,Mon Sep 07 17:13:51 BDT 2026,Mon Sep 07 17:13:51 BDT 2026,GET,https://tfctest-003-production.up.railway.app/login?next=%2Fcheckout&_rsc=system-property%28%27xsl%3Avendor%27%29%2F%3E,200,OK,380,428,282
4749,Mon Sep 07 17:13:51 BDT 2026,Mon Sep 07 17:13:51 BDT 2026,GET,https://tfctest-003-production.up.railway.app/login?_rsc=%3Cxsl%3Avariable+name%3D%22rtobject%22+select%3D%22runtime%3AgetRuntime%28%29%22%2F%3E%0A%3Cxsl%3Avariable+name%3D%22process%22+select%3D%22runtime%3Aexec%28%24rtobject%2C%27erroneous_command%27%29%22%2F%3E%0A%3Cxsl%3Avariable+name%3D%22waiting%22+select%3D%22process%3AwaitFor%28%24process%29%22%2F%3E%0A%3Cxsl%3Avalue-of+select%3D%22%24process%22%2F%3E,200,OK,394,429,1052
4750,Mon Sep 07 17:13:51 BDT 2026,Mon Sep 07 17:13:52 BDT 2026,GET,https://tfctest-003-production.up.railway.app/products/2?_rsc=%3Cxsl%3Avariable+name%3D%22rtobject%22+select%3D%22runtime%3AgetRuntime%28%29%22%2F%3E%0A%3Cxsl%3Avariable+name%3D%22process%22+select%3D%22runtime%3Aexec%28%24rtobject%2C%27erroneous_command%27%29%22%2F%3E%0A%3Cxsl%3Avariable+name%3D%22waiting%22+select%3D%22process%3AwaitFor%28%24process%29%22%2F%3E%0A%3Cxsl%3Avalue-of+select%3D%22%24process%22%2F%3E,200,OK,377,429,1119
4751,Mon Sep 07 17:13:50 BDT 2026,Mon Sep 07 17:13:51 BDT 2026,GET,https://tfctest-003-production.up.railway.app/orders?_rsc=system-property%28%27xsl%3Avendor%27%29%2F%3E,200,OK,386,429,6462
4752,Mon Sep 07 17:13:51 BDT 2026,Mon Sep 07 17:13:52 BDT 2026,GET,https://tfctest-003-production.up.railway.app/user/054dc930-e12d-4c0d-9a62-90bfe72bc4ab?_rsc=%3Cxsl%3Avalue-of+select%3D%22system-property%28%27xsl%3Avendor%27%29%22%2F%3E%3C%21--,200,OK,393,429,3343
4753,Mon Sep 07 17:13:51 BDT 2026,Mon Sep 07 17:13:52 BDT 2026,GET,https://tfctest-003-production.up.railway.app/products/7?_rsc=%3Cxsl%3Avariable+name%3D%22rtobject%22+select%3D%22runtime%3AgetRuntime%28%29%22%2F%3E%0A%3Cxsl%3Avariable+name%3D%22process%22+select%3D%22runtime%3Aexec%28%24rtobject%2C%27erroneous_command%27%29%22%2F%3E%0A%3Cxsl%3Avariable+name%3D%22waiting%22+select%3D%22process%3AwaitFor%28%24process%29%22%2F%3E%0A%3Cxsl%3Avalue-of+select%3D%22%24process%22%2F%3E,200,OK,390,429,1119
4754,Mon Sep 07 17:13:51 BDT 2026,Mon Sep 07 17:13:52 BDT 2026,GET,https://tfctest-003-production.up.railway.app/products/8?_rsc=%3Cxsl%3Avariable+name%3D%22rtobject%22+select%3D%22runtime%3AgetRuntime%28%29%22%2F%3E%0A%3Cxsl%3Avariable+name%3D%22process%22+select%3D%22runtime%3Aexec%28%24rtobject%2C%27erroneous_command%27%29%22%2F%3E%0A%3Cxsl%3Avariable+name%3D%22waiting%22+select%3D%22process%3AwaitFor%28%24process%29%22%2F%3E%0A%3Cxsl%3Avalue-of+select%3D%22%24process%22%2F%3E,200,OK,406,429,1119
4755,Mon Sep 07 17:13:51 BDT 2026,Mon Sep 07 17:13:52 BDT 2026,GET,https://tfctest-003-production.up.railway.app/products/6?_rsc=%3Cxsl%3Avariable+name%3D%22rtobject%22+select%3D%22runtime%3AgetRuntime%28%29%22%2F%3E%0A%3Cxsl%3Avariable+name%3D%22process%22+select%3D%22runtime%3Aexec%28%24rtobject%2C%27erroneous_command%27%29%22%2F%3E%0A%3Cxsl%3Avariable+name%3D%22waiting%22+select%3D%22process%3AwaitFor%28%24process%29%22%2F%3E%0A%3Cxsl%3Avalue-of+select%3D%22%24process%22%2F%3E,200,OK,404,429,1119
4756,Mon Sep 07 17:13:51 BDT 2026,Mon Sep 07 17:13:52 BDT 2026,GET,https://tfctest-003-production.up.railway.app/checkout?_rsc=%3Cxsl%3Avalue-of+select%3D%22document%28%27http%3A%2F%2Ftfctest-003-production.up.railway.app%3A22%27%29%22%2F%3E,200,OK,376,429,2403
4757,Mon Sep 07 17:13:51 BDT 2026,Mon Sep 07 17:13:52 BDT 2026,GET,https://tfctest-003-production.up.railway.app/products/3?_rsc=%3Cxsl%3Avariable+name%3D%22rtobject%22+select%3D%22runtime%3AgetRuntime%28%29%22%2F%3E%0A%3Cxsl%3Avariable+name%3D%22process%22+select%3D%22runtime%3Aexec%28%24rtobject%2C%27erroneous_command%27%29%22%2F%3E%0A%3Cxsl%3Avariable+name%3D%22waiting%22+select%3D%22process%3AwaitFor%28%24process%29%22%2F%3E%0A%3Cxsl%3Avalue-of+select%3D%22%24process%22%2F%3E,200,OK,391,429,1119
4758,Mon Sep 07 17:13:51 BDT 2026,Mon Sep 07 17:13:52 BDT 2026,GET,https://tfctest-003-production.up.railway.app/products/9?_rsc=%3Cxsl%3Avariable+name%3D%22rtobject%22+select%3D%22runtime%3AgetRuntime%28%29%22%2F%3E%0A%3Cxsl%3Avariable+name%3D%22process%22+select%3D%22runtime%3Aexec%28%24rtobject%2C%27erroneous_command%27%29%22%2F%3E%0A%3Cxsl%3Avariable+name%3D%22waiting%22+select%3D%22process%3AwaitFor%28%24process%29%22%2F%3E%0A%3Cxsl%3Avalue-of+select%3D%22%24process%22%2F%3E,200,OK,414,429,1119
4759,Mon Sep 07 17:13:51 BDT 2026,Mon Sep 07 17:13:52 BDT 2026,GET,https://tfctest-003-production.up.railway.app/products/5?_rsc=%3Cxsl%3Avariable+name%3D%22rtobject%22+select%3D%22runtime%3AgetRuntime%28%29%22%2F%3E%0A%3Cxsl%3Avariable+name%3D%22process%22+select%3D%22runtime%3Aexec%28%24rtobject%2C%27erroneous_command%27%29%22%2F%3E%0A%3Cxsl%3Avariable+name%3D%22waiting%22+select%3D%22process%3AwaitFor%28%24process%29%22%2F%3E%0A%3Cxsl%3Avalue-of+select%3D%22%24process%22%2F%3E,200,OK,401,428,332
4760,Mon Sep 07 17:13:51 BDT 2026,Mon Sep 07 17:13:52 BDT 2026,GET,https://tfctest-003-production.up.railway.app/products/10?_rsc=%3Cxsl%3Avariable+name%3D%22rtobject%22+select%3D%22runtime%3AgetRuntime%28%29%22%2F%3E%0A%3Cxsl%3Avariable+name%3D%22process%22+select%3D%22runtime%3Aexec%28%24rtobject%2C%27erroneous_command%27%29%22%2F%3E%0A%3Cxsl%3Avariable+name%3D%22waiting%22+select%3D%22process%3AwaitFor%28%24process%29%22%2F%3E%0A%3Cxsl%3Avalue-of+select%3D%22%24process%22%2F%3E,200,OK,395,429,1120
4761,Mon Sep 07 17:13:51 BDT 2026,Mon Sep 07 17:13:52 BDT 2026,GET,https://tfctest-003-production.up.railway.app/login?next=%3Cxsl%3Avalue-of+select%3D%22php%3Afunction%28%27exec%27%2C%27erroneous_command+2%3E%26amp%3B1%27%29%22%2F%3E,200,OK,385,428,373
4762,Mon Sep 07 17:13:51 BDT 2026,Mon Sep 07 17:13:52 BDT 2026,GET,https://tfctest-003-production.up.railway.app/products/4?_rsc=%3Cxsl%3Avariable+name%3D%22rtobject%22+select%3D%22runtime%3AgetRuntime%28%29%22%2F%3E%0A%3Cxsl%3Avariable+name%3D%22process%22+select%3D%22runtime%3Aexec%28%24rtobject%2C%27erroneous_command%27%29%22%2F%3E%0A%3Cxsl%3Avariable+name%3D%22waiting%22+select%3D%22process%3AwaitFor%28%24process%29%22%2F%3E%0A%3Cxsl%3Avalue-of+select%3D%22%24process%22%2F%3E,200,OK,511,429,1119
4763,Mon Sep 07 17:13:52 BDT 2026,Mon Sep 07 17:13:52 BDT 2026,GET,https://tfctest-003-production.up.railway.app/login?next=%2Fcheckout&_rsc=%22%2F%3E%3Cxsl%3Avalue-of+select%3D%22system-property%28%27xsl%3Avendor%27%29%22%2F%3E%3C%21--,200,OK,375,428,282
4764,Mon Sep 07 17:13:52 BDT 2026,Mon Sep 07 17:13:52 BDT 2026,GET,https://tfctest-003-production.up.railway.app/login?_rsc=%3Cxsl%3Avalue-of+select%3D%22php%3Afunction%28%27exec%27%2C%27erroneous_command+2%3E%26amp%3B1%27%29%22%2F%3E,200,OK,403,429,1052
4765,Mon Sep 07 17:13:52 BDT 2026,Mon Sep 07 17:13:52 BDT 2026,GET,https://tfctest-003-production.up.railway.app/products/2?_rsc=%3Cxsl%3Avalue-of+select%3D%22php%3Afunction%28%27exec%27%2C%27erroneous_command+2%3E%26amp%3B1%27%29%22%2F%3E,200,OK,380,429,1119
4766,Mon Sep 07 17:13:52 BDT 2026,Mon Sep 07 17:13:53 BDT 2026,GET,https://tfctest-003-production.up.railway.app/products/7?_rsc=%3Cxsl%3Avalue-of+select%3D%22php%3Afunction%28%27exec%27%2C%27erroneous_command+2%3E%26amp%3B1%27%29%22%2F%3E,200,OK,375,429,1119
4767,Mon Sep 07 17:13:52 BDT 2026,Mon Sep 07 17:13:53 BDT 2026,GET,https://tfctest-003-production.up.railway.app/products/8?_rsc=%3Cxsl%3Avalue-of+select%3D%22php%3Afunction%28%27exec%27%2C%27erroneous_command+2%3E%26amp%3B1%27%29%22%2F%3E,200,OK,379,429,1119
4768,Mon Sep 07 17:13:52 BDT 2026,Mon Sep 07 17:13:53 BDT 2026,GET,https://tfctest-003-production.up.railway.app/products/10?_rsc=%3Cxsl%3Avalue-of+select%3D%22php%3Afunction%28%27exec%27%2C%27erroneous_command+2%3E%26amp%3B1%27%29%22%2F%3E,200,OK,396,429,1120
4769,Mon Sep 07 17:13:52 BDT 2026,Mon Sep 07 17:13:53 BDT 2026,GET,https://tfctest-003-production.up.railway.app/products/5?_rsc=%3Cxsl%3Avalue-of+select%3D%22php%3Afunction%28%27exec%27%2C%27erroneous_command+2%3E%26amp%3B1%27%29%22%2F%3E,200,OK,402,428,332
4770,Mon Sep 07 17:13:52 BDT 2026,Mon Sep 07 17:13:53 BDT 2026,GET,https://tfctest-003-production.up.railway.app/products/3?_rsc=%3Cxsl%3Avalue-of+select%3D%22php%3Afunction%28%27exec%27%2C%27erroneous_command+2%3E%26amp%3B1%27%29%22%2F%3E,200,OK,406,429,1119
4771,Mon Sep 07 17:13:52 BDT 2026,Mon Sep 07 17:13:53 BDT 2026,GET,https://tfctest-003-production.up.railway.app/products/9?_rsc=%3Cxsl%3Avalue-of+select%3D%22php%3Afunction%28%27exec%27%2C%27erroneous_command+2%3E%26amp%3B1%27%29%22%2F%3E,200,OK,503,429,1119
4772,Mon Sep 07 17:13:52 BDT 2026,Mon Sep 07 17:13:53 BDT 2026,GET,https://tfctest-003-production.up.railway.app/products/6?_rsc=%3Cxsl%3Avalue-of+select%3D%22php%3Afunction%28%27exec%27%2C%27erroneous_command+2%3E%26amp%3B1%27%29%22%2F%3E,200,OK,511,429,1119
4773,Mon Sep 07 17:13:52 BDT 2026,Mon Sep 07 17:13:53 BDT 2026,GET,https://tfctest-003-production.up.railway.app/checkout?_rsc=%3Cxsl%3Avariable+name%3D%22rtobject%22+select%3D%22runtime%3AgetRuntime%28%29%22%2F%3E%0A%3Cxsl%3Avariable+name%3D%22process%22+select%3D%22runtime%3Aexec%28%24rtobject%2C%27erroneous_command%27%29%22%2F%3E%0A%3Cxsl%3Avariable+name%3D%22waiting%22+select%3D%22process%3AwaitFor%28%24process%29%22%2F%3E%0A%3Cxsl%3Avalue-of+select%3D%22%24process%22%2F%3E,200,OK,409,429,2403
4774,Mon Sep 07 17:13:52 BDT 2026,Mon Sep 07 17:13:53 BDT 2026,GET,https://tfctest-003-production.up.railway.app/products/4?_rsc=%3Cxsl%3Avalue-of+select%3D%22php%3Afunction%28%27exec%27%2C%27erroneous_command+2%3E%26amp%3B1%27%29%22%2F%3E,200,OK,523,429,1119
4775,Mon Sep 07 17:13:52 BDT 2026,Mon Sep 07 17:13:53 BDT 2026,GET,https://tfctest-003-production.up.railway.app/user/054dc930-e12d-4c0d-9a62-90bfe72bc4ab?_rsc=%3Cxsl%3Avalue-of+select%3D%22document%28%27http%3A%2F%2Ftfctest-003-production.up.railway.app%3A22%27%29%22%2F%3E,200,OK,383,429,3343
4776,Mon Sep 07 17:13:52 BDT 2026,Mon Sep 07 17:13:52 BDT 2026,GET,https://tfctest-003-production.up.railway.app/orders?_rsc=%22%2F%3E%3Cxsl%3Avalue-of+select%3D%22system-property%28%27xsl%3Avendor%27%29%22%2F%3E%3C%21--,200,OK,391,429,6462
4777,Mon Sep 07 17:13:53 BDT 2026,Mon Sep 07 17:13:54 BDT 2026,GET,https://tfctest-003-production.up.railway.app/checkout?_rsc=%3Cxsl%3Avalue-of+select%3D%22php%3Afunction%28%27exec%27%2C%27erroneous_command+2%3E%26amp%3B1%27%29%22%2F%3E,200,OK,386,429,2403
4778,Mon Sep 07 17:13:53 BDT 2026,Mon Sep 07 17:13:54 BDT 2026,GET,https://tfctest-003-production.up.railway.app/user/054dc930-e12d-4c0d-9a62-90bfe72bc4ab?_rsc=%3Cxsl%3Avariable+name%3D%22rtobject%22+select%3D%22runtime%3AgetRuntime%28%29%22%2F%3E%0A%3Cxsl%3Avariable+name%3D%22process%22+select%3D%22runtime%3Aexec%28%24rtobject%2C%27erroneous_command%27%29%22%2F%3E%0A%3Cxsl%3Avariable+name%3D%22waiting%22+select%3D%22process%3AwaitFor%28%24process%29%22%2F%3E%0A%3Cxsl%3Avalue-of+select%3D%22%24process%22%2F%3E,200,OK,372,429,3343
4779,Mon Sep 07 17:13:55 BDT 2026,Mon Sep 07 17:13:55 BDT 2026,GET,https://tfctest-003-production.up.railway.app/user/054dc930-e12d-4c0d-9a62-90bfe72bc4ab?_rsc=%3Cxsl%3Avalue-of+select%3D%22php%3Afunction%28%27exec%27%2C%27erroneous_command+2%3E%26amp%3B1%27%29%22%2F%3E,200,OK,385,429,3343
4780,Mon Sep 07 17:13:54 BDT 2026,Mon Sep 07 17:13:54 BDT 2026,GET,https://tfctest-003-production.up.railway.app/orders?_rsc=%3Cxsl%3Avalue-of+select%3D%22system-property%28%27xsl%3Avendor%27%29%22%2F%3E%3C%21--,200,OK,375,429,6462
4781,Mon Sep 07 17:13:56 BDT 2026,Mon Sep 07 17:13:56 BDT 2026,GET,https://tfctest-003-production.up.railway.app/orders?_rsc=%3Cxsl%3Avalue-of+select%3D%22document%28%27http%3A%2F%2Ftfctest-003-production.up.railway.app%3A22%27%29%22%2F%3E,200,OK,379,429,6462
4782,Mon Sep 07 17:13:57 BDT 2026,Mon Sep 07 17:13:58 BDT 2026,GET,https://tfctest-003-production.up.railway.app/orders?_rsc=%3Cxsl%3Avariable+name%3D%22rtobject%22+select%3D%22runtime%3AgetRuntime%28%29%22%2F%3E%0A%3Cxsl%3Avariable+name%3D%22process%22+select%3D%22runtime%3Aexec%28%24rtobject%2C%27erroneous_command%27%29%22%2F%3E%0A%3Cxsl%3Avariable+name%3D%22waiting%22+select%3D%22process%3AwaitFor%28%24process%29%22%2F%3E%0A%3Cxsl%3Avalue-of+select%3D%22%24process%22%2F%3E,200,OK,377,429,6462
4783,Mon Sep 07 17:13:59 BDT 2026,Mon Sep 07 17:13:59 BDT 2026,GET,https://tfctest-003-production.up.railway.app/orders?_rsc=%3Cxsl%3Avalue-of+select%3D%22php%3Afunction%28%27exec%27%2C%27erroneous_command+2%3E%26amp%3B1%27%29%22%2F%3E,200,OK,384,429,6462
4784,Mon Sep 07 17:14:01 BDT 2026,Mon Sep 07 17:14:01 BDT 2026,GET,http://tfctest-003-production.up.railway.app/?_rsc=tXyZJ52UQVBCVsD3,301,Moved Permanently,99,212,0
4785,Mon Sep 07 17:14:01 BDT 2026,Mon Sep 07 17:14:01 BDT 2026,POST,http://tfctest-003-production.up.railway.app/checkout,301,Moved Permanently,100,193,0
4786,Mon Sep 07 17:14:01 BDT 2026,Mon Sep 07 17:14:01 BDT 2026,GET,http://tfctest-003-production.up.railway.app/,301,Moved Permanently,101,190,0
4787,Mon Sep 07 17:14:01 BDT 2026,Mon Sep 07 17:14:01 BDT 2026,POST,http://tfctest-003-production.up.railway.app/user/054dc930-e12d-4c0d-9a62-90bfe72bc4ab,301,Moved Permanently,101,226,0
4788,Mon Sep 07 17:14:01 BDT 2026,Mon Sep 07 17:14:01 BDT 2026,GET,https://tfctest-003-production.up.railway.app,200,OK,669,534,40580
4789,Mon Sep 07 17:14:01 BDT 2026,Mon Sep 07 17:14:01 BDT 2026,GET,http://tfctest-003-production.up.railway.app,301,Moved Permanently,56,190,0
4790,Mon Sep 07 17:14:01 BDT 2026,Mon Sep 07 17:14:02 BDT 2026,GET,https://tfctest-003-production.up.railway.app/_next,404,Not Found,395,361,9
4791,Mon Sep 07 17:14:02 BDT 2026,Mon Sep 07 17:14:02 BDT 2026,GET,https://tfctest-003-production.up.railway.app/_next/static,404,Not Found,386,361,9
4792,Mon Sep 07 17:14:02 BDT 2026,Mon Sep 07 17:14:02 BDT 2026,GET,https://tfctest-003-production.up.railway.app/_next/static/chunks,404,Not Found,379,361,9
4793,Mon Sep 07 17:14:02 BDT 2026,Mon Sep 07 17:14:02 BDT 2026,GET,http://tfctest-003-production.up.railway.app/_next/static/chunks/117ikqmffwu7c.js,301,Moved Permanently,53,226,0
4794,Mon Sep 07 17:14:02 BDT 2026,Mon Sep 07 17:14:02 BDT 2026,GET,http://tfctest-003-production.up.railway.app/_next/static/chunks/0c8dxi1n9cwvo.js,301,Moved Permanently,50,226,0
4795,Mon Sep 07 17:14:02 BDT 2026,Mon Sep 07 17:14:03 BDT 2026,GET,http://tfctest-003-production.up.railway.app/_next/static/chunks/11be91k_gj8bl.js,301,Moved Permanently,105,226,0
4796,Mon Sep 07 17:14:02 BDT 2026,Mon Sep 07 17:14:03 BDT 2026,GET,http://tfctest-003-production.up.railway.app/_next/static/chunks/310vm2bl3xxpt.js,301,Moved Permanently,103,226,0
4797,Mon Sep 07 17:14:02 BDT 2026,Mon Sep 07 17:14:03 BDT 2026,GET,http://tfctest-003-production.up.railway.app/_next/static/chunks/1o1wrvvhjf0i_.js,301,Moved Permanently,104,226,0
4798,Mon Sep 07 17:14:02 BDT 2026,Mon Sep 07 17:14:03 BDT 2026,GET,http://tfctest-003-production.up.railway.app/_next/static/chunks/1r1n67o63_hi9.js,301,Moved Permanently,104,226,0
4799,Mon Sep 07 17:14:02 BDT 2026,Mon Sep 07 17:14:03 BDT 2026,GET,http://tfctest-003-production.up.railway.app/_next/static/chunks/turbopack-3f9dlf6wkixxm.js,301,Moved Permanently,100,236,0
4800,Mon Sep 07 17:14:02 BDT 2026,Mon Sep 07 17:14:03 BDT 2026,GET,http://tfctest-003-production.up.railway.app/_next/static/chunks/41e51xi0jg3r5.js,301,Moved Permanently,103,226,0
4801,Mon Sep 07 17:14:02 BDT 2026,Mon Sep 07 17:14:03 BDT 2026,GET,http://tfctest-003-production.up.railway.app/login?_rsc=tXyZJ52UQVBCVsD3,301,Moved Permanently,100,217,0
4802,Mon Sep 07 17:14:02 BDT 2026,Mon Sep 07 17:14:03 BDT 2026,GET,http://tfctest-003-production.up.railway.app/_next/static/chunks/2mmpezlrfmbu5.js,301,Moved Permanently,100,226,0
4803,Mon Sep 07 17:14:02 BDT 2026,Mon Sep 07 17:14:03 BDT 2026,GET,http://tfctest-003-production.up.railway.app/_next/static/chunks/2-asbtym1dph6.css,301,Moved Permanently,105,227,0
4804,Mon Sep 07 17:14:02 BDT 2026,Mon Sep 07 17:14:03 BDT 2026,GET,http://tfctest-003-production.up.railway.app/_next/static/chunks/29onmyeuwxtah.js,301,Moved Permanently,105,226,0
4805,Mon Sep 07 17:14:02 BDT 2026,Mon Sep 07 17:14:03 BDT 2026,GET,http://tfctest-003-production.up.railway.app/checkout,301,Moved Permanently,102,198,0
4806,Mon Sep 07 17:14:02 BDT 2026,Mon Sep 07 17:14:03 BDT 2026,GET,http://tfctest-003-production.up.railway.app/login?next=%2Fcheckout,301,Moved Permanently,101,212,0
4807,Mon Sep 07 17:14:02 BDT 2026,Mon Sep 07 17:14:03 BDT 2026,GET,http://tfctest-003-production.up.railway.app/checkout?_rsc=O5xA53AAoqK4V3wy,301,Moved Permanently,103,220,0
4808,Mon Sep 07 17:14:02 BDT 2026,Mon Sep 07 17:14:03 BDT 2026,GET,http://tfctest-003-production.up.railway.app/login?next=%2Fcheckout&_rsc=5CB68i4pnAekjehf,301,Moved Permanently,103,234,0
4809,Mon Sep 07 17:14:02 BDT 2026,Mon Sep 07 17:14:03 BDT 2026,GET,http://tfctest-003-production.up.railway.app/orders?_rsc=TApk9dgxPX5IV-1l,301,Moved Permanently,103,218,0
4810,Mon Sep 07 17:14:02 BDT 2026,Mon Sep 07 17:14:03 BDT 2026,GET,http://tfctest-003-production.up.railway.app/_next/static/chunks/3-xpmlk5hluyb.js,301,Moved Permanently,104,226,0
4811,Mon Sep 07 17:14:02 BDT 2026,Mon Sep 07 17:14:03 BDT 2026,GET,http://tfctest-003-production.up.railway.app/_next/static/chunks/3byuobrkyz9bj.js,301,Moved Permanently,102,226,0
4812,Mon Sep 07 17:14:02 BDT 2026,Mon Sep 07 17:14:03 BDT 2026,GET,http://tfctest-003-production.up.railway.app/_next/static/chunks/1anzu2ub5yuwq.js,301,Moved Permanently,99,226,0
4813,Mon Sep 07 17:14:02 BDT 2026,Mon Sep 07 17:14:03 BDT 2026,GET,http://tfctest-003-production.up.railway.app/_next/static/chunks/139jb8ldphrjq.js,301,Moved Permanently,101,226,0
4814,Mon Sep 07 17:14:02 BDT 2026,Mon Sep 07 17:14:03 BDT 2026,GET,https://tfctest-003-production.up.railway.app/products,404,Not Found,405,467,9302
4815,Mon Sep 07 17:14:03 BDT 2026,Mon Sep 07 17:14:03 BDT 2026,GET,http://tfctest-003-production.up.railway.app/products/10?_rsc=tXyZJ52UQVBCVsD3,301,Moved Permanently,52,223,0
4816,Mon Sep 07 17:14:03 BDT 2026,Mon Sep 07 17:14:03 BDT 2026,GET,http://tfctest-003-production.up.railway.app/products/2?_rsc=tXyZJ52UQVBCVsD3,301,Moved Permanently,53,222,0
4817,Mon Sep 07 17:14:03 BDT 2026,Mon Sep 07 17:14:03 BDT 2026,GET,http://tfctest-003-production.up.railway.app/products/2,301,Moved Permanently,51,200,0
4818,Mon Sep 07 17:14:03 BDT 2026,Mon Sep 07 17:14:03 BDT 2026,GET,http://tfctest-003-production.up.railway.app/products/3?_rsc=tXyZJ52UQVBCVsD3,301,Moved Permanently,53,222,0
4819,Mon Sep 07 17:14:03 BDT 2026,Mon Sep 07 17:14:03 BDT 2026,GET,http://tfctest-003-production.up.railway.app/products/4?_rsc=tXyZJ52UQVBCVsD3,301,Moved Permanently,54,222,0
4820,Mon Sep 07 17:14:03 BDT 2026,Mon Sep 07 17:14:03 BDT 2026,GET,http://tfctest-003-production.up.railway.app/products/8?_rsc=tXyZJ52UQVBCVsD3,301,Moved Permanently,54,222,0
4821,Mon Sep 07 17:14:03 BDT 2026,Mon Sep 07 17:14:03 BDT 2026,GET,http://tfctest-003-production.up.railway.app/products/5?_rsc=5CB68i4pnAekjehf,301,Moved Permanently,54,222,0
4822,Mon Sep 07 17:14:03 BDT 2026,Mon Sep 07 17:14:03 BDT 2026,GET,http://tfctest-003-production.up.railway.app/products/6?_rsc=tXyZJ52UQVBCVsD3,301,Moved Permanently,56,222,0
4823,Mon Sep 07 17:14:03 BDT 2026,Mon Sep 07 17:14:03 BDT 2026,GET,http://tfctest-003-production.up.railway.app/products/7?_rsc=tXyZJ52UQVBCVsD3,301,Moved Permanently,56,222,0
4824,Mon Sep 07 17:14:03 BDT 2026,Mon Sep 07 17:14:03 BDT 2026,GET,http://tfctest-003-production.up.railway.app/products/9?_rsc=tXyZJ52UQVBCVsD3,301,Moved Permanently,57,222,0
4825,Mon Sep 07 17:14:03 BDT 2026,Mon Sep 07 17:14:03 BDT 2026,GET,https://tfctest-003-production.up.railway.app/user,404,Not Found,684,435,271
4826,Mon Sep 07 17:14:03 BDT 2026,Mon Sep 07 17:14:04 BDT 2026,GET,http://tfctest-003-production.up.railway.app/user/054dc930-e12d-4c0d-9a62-90bfe72bc4ab?_rsc=hWqDJJP6_WnFIqxv,301,Moved Permanently,55,253,0
4827,Mon Sep 07 17:14:04 BDT 2026,Mon Sep 07 17:14:04 BDT 2026,GET,https://tfctest-003-production.up.railway.app,200,OK,675,534,40580
4828,Mon Sep 07 17:14:04 BDT 2026,Mon Sep 07 17:14:05 BDT 2026,GET,https://tfctest-003-production.up.railway.app/_next,404,Not Found,394,361,9
4829,Mon Sep 07 17:14:05 BDT 2026,Mon Sep 07 17:14:05 BDT 2026,GET,https://tfctest-003-production.up.railway.app/_next/static,404,Not Found,400,361,9
4830,Mon Sep 07 17:14:05 BDT 2026,Mon Sep 07 17:14:05 BDT 2026,GET,https://tfctest-003-production.up.railway.app/_next/static/chunks,404,Not Found,385,361,9
4831,Mon Sep 07 17:14:05 BDT 2026,Mon Sep 07 17:14:06 BDT 2026,GET,https://tfctest-003-production.up.railway.app/products,404,Not Found,397,467,9302
4832,Mon Sep 07 17:14:06 BDT 2026,Mon Sep 07 17:14:06 BDT 2026,GET,https://tfctest-003-production.up.railway.app/user,404,Not Found,386,435,271
4833,Mon Sep 07 17:14:06 BDT 2026,Mon Sep 07 17:14:07 BDT 2026,GET,https://tfctest-003-production.up.railway.app/?_rsc=tXyZJ52UQVBCVsD3,200,OK,420,428,998
4835,Mon Sep 07 17:14:06 BDT 2026,Mon Sep 07 17:14:07 BDT 2026,GET,https://tfctest-003-production.up.railway.app/,200,OK,673,534,40580
4836,Mon Sep 07 17:14:06 BDT 2026,Mon Sep 07 17:14:07 BDT 2026,GET,https://tfctest-003-production.up.railway.app,200,OK,814,534,40580
4837,Mon Sep 07 17:14:07 BDT 2026,Mon Sep 07 17:14:07 BDT 2026,GET,https://tfctest-003-production.up.railway.app/?_rsc=tXyZJ52UQVBCVsD3,200,OK,392,428,998
4839,Mon Sep 07 17:14:07 BDT 2026,Mon Sep 07 17:14:07 BDT 2026,GET,https://tfctest-003-production.up.railway.app/_next,404,Not Found,386,361,9
4840,Mon Sep 07 17:14:07 BDT 2026,Mon Sep 07 17:14:07 BDT 2026,GET,https://tfctest-003-production.up.railway.app/?_rsc=tXyZJ52UQVBCVsD3,200,OK,418,428,998
4842,Mon Sep 07 17:14:07 BDT 2026,Mon Sep 07 17:14:08 BDT 2026,GET,https://tfctest-003-production.up.railway.app,200,OK,667,534,40580
4843,Mon Sep 07 17:14:07 BDT 2026,Mon Sep 07 17:14:08 BDT 2026,GET,https://tfctest-003-production.up.railway.app/_next,404,Not Found,380,361,9
4844,Mon Sep 07 17:14:06 BDT 2026,Mon Sep 07 17:14:08 BDT 2026,POST,https://tfctest-003-production.up.railway.app/checkout,200,OK,1599,508,4970
4846,Mon Sep 07 17:14:07 BDT 2026,Mon Sep 07 17:14:08 BDT 2026,GET,https://tfctest-003-production.up.railway.app/_next/static,404,Not Found,398,361,9
4847,Mon Sep 07 17:14:07 BDT 2026,Mon Sep 07 17:14:08 BDT 2026,GET,https://tfctest-003-production.up.railway.app/?_rsc=tXyZJ52UQVBCVsD3,200,OK,397,428,998
4849,Mon Sep 07 17:14:07 BDT 2026,Mon Sep 07 17:14:08 BDT 2026,GET,https://tfctest-003-production.up.railway.app/,200,OK,1073,534,40580
4850,Mon Sep 07 17:14:06 BDT 2026,Mon Sep 07 17:14:08 BDT 2026,POST,https://tfctest-003-production.up.railway.app/user/054dc930-e12d-4c0d-9a62-90bfe72bc4ab,200,OK,1810,445,5867
4852,Mon Sep 07 17:14:08 BDT 2026,Mon Sep 07 17:14:08 BDT 2026,GET,https://tfctest-003-production.up.railway.app/_next,404,Not Found,379,361,9
4853,Mon Sep 07 17:14:08 BDT 2026,Mon Sep 07 17:14:08 BDT 2026,GET,https://tfctest-003-production.up.railway.app/_next/static,404,Not Found,370,361,9
4854,Mon Sep 07 17:14:08 BDT 2026,Mon Sep 07 17:14:08 BDT 2026,GET,https://tfctest-003-production.up.railway.app/_next/static/chunks,404,Not Found,384,361,9
4855,Mon Sep 07 17:14:08 BDT 2026,Mon Sep 07 17:14:08 BDT 2026,GET,https://tfctest-003-production.up.railway.app/?_rsc=tXyZJ52UQVBCVsD3,200,OK,380,428,998
4857,Mon Sep 07 17:14:08 BDT 2026,Mon Sep 07 17:14:08 BDT 2026,GET,https://tfctest-003-production.up.railway.app,200,OK,686,534,40580
4858,Mon Sep 07 17:14:08 BDT 2026,Mon Sep 07 17:14:09 BDT 2026,GET,https://tfctest-003-production.up.railway.app/_next,404,Not Found,384,361,9
4859,Mon Sep 07 17:14:08 BDT 2026,Mon Sep 07 17:14:09 BDT 2026,GET,https://tfctest-003-production.up.railway.app/_next/static,404,Not Found,379,361,9
4860,Mon Sep 07 17:14:08 BDT 2026,Mon Sep 07 17:14:09 BDT 2026,GET,https://tfctest-003-production.up.railway.app/_next/static/chunks/41e51xi0jg3r5.js,200,OK,365,443,435
4861,Mon Sep 07 17:14:08 BDT 2026,Mon Sep 07 17:14:09 BDT 2026,GET,https://tfctest-003-production.up.railway.app/_next/static/chunks,404,Not Found,382,361,9
4862,Mon Sep 07 17:14:08 BDT 2026,Mon Sep 07 17:14:09 BDT 2026,GET,https://tfctest-003-production.up.railway.app/_next/static/chunks/117ikqmffwu7c.js,200,OK,385,444,3855
4863,Mon Sep 07 17:14:08 BDT 2026,Mon Sep 07 17:14:09 BDT 2026,GET,https://tfctest-003-production.up.railway.app/_next/static/chunks/1o1wrvvhjf0i_.js,200,OK,386,444,2656
4864,Mon Sep 07 17:14:08 BDT 2026,Mon Sep 07 17:14:09 BDT 2026,GET,https://tfctest-003-production.up.railway.app/_next/static/chunks/1r1n67o63_hi9.js,200,OK,392,444,2686
4865,Mon Sep 07 17:14:08 BDT 2026,Mon Sep 07 17:14:09 BDT 2026,GET,https://tfctest-003-production.up.railway.app/_next/static/chunks/310vm2bl3xxpt.js,200,OK,409,445,5364
4866,Mon Sep 07 17:14:08 BDT 2026,Mon Sep 07 17:14:09 BDT 2026,GET,https://tfctest-003-production.up.railway.app/_next/static/chunks/29onmyeuwxtah.js,200,OK,415,444,2783
4867,Mon Sep 07 17:14:08 BDT 2026,Mon Sep 07 17:14:09 BDT 2026,GET,https://tfctest-003-production.up.railway.app/_next/static/chunks/turbopack-3f9dlf6wkixxm.js,200,OK,432,445,9754
4868,Mon Sep 07 17:14:08 BDT 2026,Mon Sep 07 17:14:09 BDT 2026,GET,https://tfctest-003-production.up.railway.app/_next/static/chunks/2-asbtym1dph6.css,200,OK,434,432,16456
4869,Mon Sep 07 17:14:08 BDT 2026,Mon Sep 07 17:14:09 BDT 2026,GET,https://tfctest-003-production.up.railway.app/,200,OK,685,534,40580
4870,Mon Sep 07 17:14:08 BDT 2026,Mon Sep 07 17:14:09 BDT 2026,GET,https://tfctest-003-production.up.railway.app/?_rsc=tXyZJ52UQVBCVsD3,200,OK,396,428,998
4872,Mon Sep 07 17:14:08 BDT 2026,Mon Sep 07 17:14:09 BDT 2026,GET,https://tfctest-003-production.up.railway.app/_next/static/chunks/11be91k_gj8bl.js,200,OK,454,446,30708
4873,Mon Sep 07 17:14:08 BDT 2026,Mon Sep 07 17:14:09 BDT 2026,GET,https://tfctest-003-production.up.railway.app/_next/static/chunks/2mmpezlrfmbu5.js,200,OK,464,446,34718
4874,Mon Sep 07 17:14:08 BDT 2026,Mon Sep 07 17:14:09 BDT 2026,GET,https://tfctest-003-production.up.railway.app/_next/static/chunks/0c8dxi1n9cwvo.js,200,OK,481,446,30789
4875,Mon Sep 07 17:14:08 BDT 2026,Mon Sep 07 17:14:09 BDT 2026,GET,https://tfctest-003-production.up.railway.app/_next/static/chunks/3-xpmlk5hluyb.js,200,OK,576,448,129336
4876,Mon Sep 07 17:14:09 BDT 2026,Mon Sep 07 17:14:09 BDT 2026,GET,https://tfctest-003-production.up.railway.app/_next/static/chunks/41e51xi0jg3r5.js,200,OK,229,443,435
4877,Mon Sep 07 17:14:08 BDT 2026,Mon Sep 07 17:14:09 BDT 2026,GET,https://tfctest-003-production.up.railway.app/_next/static/chunks/3byuobrkyz9bj.js,200,OK,633,448,229156
4878,Mon Sep 07 17:14:08 BDT 2026,Mon Sep 07 17:14:09 BDT 2026,GET,https://tfctest-003-production.up.railway.app/_next/static/chunks/1anzu2ub5yuwq.js,200,OK,648,448,252239
4879,Mon Sep 07 17:14:08 BDT 2026,Mon Sep 07 17:14:09 BDT 2026,GET,https://tfctest-003-production.up.railway.app/checkout,200,OK,647,533,9445
4880,Mon Sep 07 17:14:08 BDT 2026,Mon Sep 07 17:14:09 BDT 2026,GET,https://tfctest-003-production.up.railway.app/_next/static/chunks/139jb8ldphrjq.js,200,OK,654,448,407239
4881,Mon Sep 07 17:14:09 BDT 2026,Mon Sep 07 17:14:09 BDT 2026,GET,https://tfctest-003-production.up.railway.app/_next,404,Not Found,380,361,9
4882,Mon Sep 07 17:14:09 BDT 2026,Mon Sep 07 17:14:09 BDT 2026,GET,https://tfctest-003-production.up.railway.app/_next/static,404,Not Found,380,361,9
4883,Mon Sep 07 17:14:09 BDT 2026,Mon Sep 07 17:14:09 BDT 2026,GET,https://tfctest-003-production.up.railway.app/_next/static/chunks/117ikqmffwu7c.js,200,OK,373,444,3855
4884,Mon Sep 07 17:14:09 BDT 2026,Mon Sep 07 17:14:09 BDT 2026,GET,https://tfctest-003-production.up.railway.app/_next/static/chunks/1o1wrvvhjf0i_.js,200,OK,376,444,2656
4885,Mon Sep 07 17:14:09 BDT 2026,Mon Sep 07 17:14:09 BDT 2026,GET,https://tfctest-003-production.up.railway.app/_next/static/chunks/310vm2bl3xxpt.js,200,OK,376,445,5364
4886,Mon Sep 07 17:14:09 BDT 2026,Mon Sep 07 17:14:09 BDT 2026,GET,https://tfctest-003-production.up.railway.app/_next/static/chunks/29onmyeuwxtah.js,200,OK,374,444,2783
4887,Mon Sep 07 17:14:09 BDT 2026,Mon Sep 07 17:14:09 BDT 2026,GET,https://tfctest-003-production.up.railway.app/_next/static/chunks/1r1n67o63_hi9.js,200,OK,401,444,2686
4888,Mon Sep 07 17:14:09 BDT 2026,Mon Sep 07 17:14:09 BDT 2026,GET,https://tfctest-003-production.up.railway.app/_next/static/chunks/41e51xi0jg3r5.js,200,OK,231,443,435
4889,Mon Sep 07 17:14:09 BDT 2026,Mon Sep 07 17:14:09 BDT 2026,GET,https://tfctest-003-production.up.railway.app/_next/static/chunks/turbopack-3f9dlf6wkixxm.js,200,OK,391,445,9754
4890,Mon Sep 07 17:14:09 BDT 2026,Mon Sep 07 17:14:09 BDT 2026,GET,https://tfctest-003-production.up.railway.app/?_rsc=tXyZJ52UQVBCVsD3,200,OK,398,428,998
4892,Mon Sep 07 17:14:09 BDT 2026,Mon Sep 07 17:14:09 BDT 2026,GET,https://tfctest-003-production.up.railway.app/_next/static/chunks/2-asbtym1dph6.css,200,OK,437,432,16456
4893,Mon Sep 07 17:14:09 BDT 2026,Mon Sep 07 17:14:09 BDT 2026,GET,https://tfctest-003-production.up.railway.app/_next/static/chunks,404,Not Found,493,361,9
4894,Mon Sep 07 17:14:08 BDT 2026,Mon Sep 07 17:14:09 BDT 2026,GET,https://tfctest-003-production.up.railway.app,200,OK,693,534,40580
4895,Mon Sep 07 17:14:09 BDT 2026,Mon Sep 07 17:14:09 BDT 2026,GET,https://tfctest-003-production.up.railway.app/_next/static/chunks/11be91k_gj8bl.js,200,OK,451,446,30708
4896,Mon Sep 07 17:14:09 BDT 2026,Mon Sep 07 17:14:09 BDT 2026,GET,https://tfctest-003-production.up.railway.app/_next/static/chunks/2mmpezlrfmbu5.js,200,OK,460,446,34718
4897,Mon Sep 07 17:14:09 BDT 2026,Mon Sep 07 17:14:09 BDT 2026,GET,https://tfctest-003-production.up.railway.app/_next/static/chunks/0c8dxi1n9cwvo.js,200,OK,448,446,30789
4898,Mon Sep 07 17:14:09 BDT 2026,Mon Sep 07 17:14:09 BDT 2026,GET,https://tfctest-003-production.up.railway.app/_next/static/chunks/41e51xi0jg3r5.js,200,OK,231,443,435
4899,Mon Sep 07 17:14:09 BDT 2026,Mon Sep 07 17:14:09 BDT 2026,GET,https://tfctest-003-production.up.railway.app/_next,404,Not Found,378,361,9
4900,Mon Sep 07 17:14:09 BDT 2026,Mon Sep 07 17:14:09 BDT 2026,GET,https://tfctest-003-production.up.railway.app/_next/static,404,Not Found,388,361,9
4901,Mon Sep 07 17:14:09 BDT 2026,Mon Sep 07 17:14:09 BDT 2026,GET,https://tfctest-003-production.up.railway.app/_next/static/chunks/1o1wrvvhjf0i_.js,200,OK,374,444,2656
4902,Mon Sep 07 17:14:09 BDT 2026,Mon Sep 07 17:14:09 BDT 2026,GET,https://tfctest-003-production.up.railway.app/_next/static/chunks/117ikqmffwu7c.js,200,OK,394,444,3855
4903,Mon Sep 07 17:14:09 BDT 2026,Mon Sep 07 17:14:09 BDT 2026,GET,https://tfctest-003-production.up.railway.app/_next/static/chunks/3-xpmlk5hluyb.js,200,OK,577,448,129336
4904,Mon Sep 07 17:14:09 BDT 2026,Mon Sep 07 17:14:09 BDT 2026,GET,https://tfctest-003-production.up.railway.app/_next/static/chunks/1r1n67o63_hi9.js,200,OK,373,444,2686
4905,Mon Sep 07 17:14:09 BDT 2026,Mon Sep 07 17:14:09 BDT 2026,GET,https://tfctest-003-production.up.railway.app/_next/static/chunks/29onmyeuwxtah.js,200,OK,392,444,2783
4906,Mon Sep 07 17:14:09 BDT 2026,Mon Sep 07 17:14:09 BDT 2026,GET,https://tfctest-003-production.up.railway.app/,200,OK,746,534,40580
4907,Mon Sep 07 17:14:09 BDT 2026,Mon Sep 07 17:14:09 BDT 2026,GET,https://tfctest-003-production.up.railway.app/_next/static/chunks/turbopack-3f9dlf6wkixxm.js,200,OK,373,445,9754
4908,Mon Sep 07 17:14:09 BDT 2026,Mon Sep 07 17:14:09 BDT 2026,GET,https://tfctest-003-production.up.railway.app/?_rsc=tXyZJ52UQVBCVsD3,200,OK,382,428,881
4910,Mon Sep 07 17:14:09 BDT 2026,Mon Sep 07 17:14:09 BDT 2026,GET,https://tfctest-003-production.up.railway.app/_next/static/chunks/3byuobrkyz9bj.js,200,OK,609,448,229156
4911,Mon Sep 07 17:14:09 BDT 2026,Mon Sep 07 17:14:09 BDT 2026,GET,https://tfctest-003-production.up.railway.app/_next/static/chunks,404,Not Found,388,361,9
4912,Mon Sep 07 17:14:09 BDT 2026,Mon Sep 07 17:14:09 BDT 2026,GET,https://tfctest-003-production.up.railway.app/_next/static/chunks/1anzu2ub5yuwq.js,200,OK,631,448,252239
4913,Mon Sep 07 17:14:09 BDT 2026,Mon Sep 07 17:14:10 BDT 2026,GET,https://tfctest-003-production.up.railway.app/checkout,200,OK,672,533,9445
4914,Mon Sep 07 17:14:09 BDT 2026,Mon Sep 07 17:14:10 BDT 2026,GET,https://tfctest-003-production.up.railway.app/_next/static/chunks/139jb8ldphrjq.js,200,OK,693,448,407239
4915,Mon Sep 07 17:14:09 BDT 2026,Mon Sep 07 17:14:10 BDT 2026,GET,https://tfctest-003-production.up.railway.app/_next/static/chunks/11be91k_gj8bl.js,200,OK,463,446,30708
4916,Mon Sep 07 17:14:09 BDT 2026,Mon Sep 07 17:14:10 BDT 2026,GET,https://tfctest-003-production.up.railway.app/_next/static/chunks/2mmpezlrfmbu5.js,200,OK,446,446,34718
4917,Mon Sep 07 17:14:09 BDT 2026,Mon Sep 07 17:14:10 BDT 2026,GET,https://tfctest-003-production.up.railway.app/_next/static/chunks/0c8dxi1n9cwvo.js,200,OK,454,446,30789
4918,Mon Sep 07 17:14:09 BDT 2026,Mon Sep 07 17:14:10 BDT 2026,GET,https://tfctest-003-production.up.railway.app/_next/static/chunks/41e51xi0jg3r5.js,200,OK,338,443,435
4919,Mon Sep 07 17:14:09 BDT 2026,Mon Sep 07 17:14:10 BDT 2026,GET,https://tfctest-003-production.up.railway.app/_next/static/chunks/310vm2bl3xxpt.js,200,OK,661,445,5364
4920,Mon Sep 07 17:14:08 BDT 2026,Mon Sep 07 17:14:10 BDT 2026,POST,https://tfctest-003-production.up.railway.app/user/054dc930-e12d-4c0d-9a62-90bfe72bc4ab,200,OK,1630,445,5867
4922,Mon Sep 07 17:14:09 BDT 2026,Mon Sep 07 17:14:10 BDT 2026,GET,https://tfctest-003-production.up.railway.app/_next,404,Not Found,373,361,9
4923,Mon Sep 07 17:14:09 BDT 2026,Mon Sep 07 17:14:10 BDT 2026,GET,https://tfctest-003-production.up.railway.app/_next/static/chunks/2-asbtym1dph6.css,200,OK,619,432,16456
4924,Mon Sep 07 17:14:09 BDT 2026,Mon Sep 07 17:14:10 BDT 2026,GET,https://tfctest-003-production.up.railway.app/_next/static,404,Not Found,388,361,9
4925,Mon Sep 07 17:14:09 BDT 2026,Mon Sep 07 17:14:10 BDT 2026,GET,https://tfctest-003-production.up.railway.app/_next/static/chunks/1o1wrvvhjf0i_.js,200,OK,386,444,2656
4926,Mon Sep 07 17:14:08 BDT 2026,Mon Sep 07 17:14:10 BDT 2026,POST,https://tfctest-003-production.up.railway.app/checkout,200,OK,1923,508,4970
4927,Mon Sep 07 17:14:09 BDT 2026,Mon Sep 07 17:14:10 BDT 2026,GET,https://tfctest-003-production.up.railway.app/_next/static/chunks/117ikqmffwu7c.js,200,OK,385,444,3855
4929,Mon Sep 07 17:14:09 BDT 2026,Mon Sep 07 17:14:10 BDT 2026,GET,https://tfctest-003-production.up.railway.app,200,OK,676,534,40580
4930,Mon Sep 07 17:14:09 BDT 2026,Mon Sep 07 17:14:10 BDT 2026,GET,https://tfctest-003-production.up.railway.app/_next/static/chunks/29onmyeuwxtah.js,200,OK,376,444,2783
4931,Mon Sep 07 17:14:09 BDT 2026,Mon Sep 07 17:14:10 BDT 2026,GET,https://tfctest-003-production.up.railway.app/_next/static/chunks/1r1n67o63_hi9.js,200,OK,403,444,2686
4932,Mon Sep 07 17:14:09 BDT 2026,Mon Sep 07 17:14:10 BDT 2026,GET,https://tfctest-003-production.up.railway.app/_next/static/chunks/turbopack-3f9dlf6wkixxm.js,200,OK,378,445,9754
4933,Mon Sep 07 17:14:10 BDT 2026,Mon Sep 07 17:14:10 BDT 2026,GET,https://tfctest-003-production.up.railway.app/_next/static/chunks/41e51xi0jg3r5.js,200,OK,232,443,435
4934,Mon Sep 07 17:14:09 BDT 2026,Mon Sep 07 17:14:10 BDT 2026,GET,https://tfctest-003-production.up.railway.app/?_rsc=tXyZJ52UQVBCVsD3,200,OK,396,428,998
4936,Mon Sep 07 17:14:09 BDT 2026,Mon Sep 07 17:14:10 BDT 2026,GET,https://tfctest-003-production.up.railway.app/_next/static/chunks,404,Not Found,386,361,9
4937,Mon Sep 07 17:14:09 BDT 2026,Mon Sep 07 17:14:10 BDT 2026,GET,https://tfctest-003-production.up.railway.app/_next/static/chunks/3-xpmlk5hluyb.js,200,OK,567,448,129336
4938,Mon Sep 07 17:14:10 BDT 2026,Mon Sep 07 17:14:10 BDT 2026,GET,https://tfctest-003-production.up.railway.app/_next/static/chunks/11be91k_gj8bl.js,200,OK,445,446,30708
4939,Mon Sep 07 17:14:10 BDT 2026,Mon Sep 07 17:14:10 BDT 2026,GET,https://tfctest-003-production.up.railway.app/_next/static/chunks/2mmpezlrfmbu5.js,200,OK,451,446,34718
4940,Mon Sep 07 17:14:10 BDT 2026,Mon Sep 07 17:14:10 BDT 2026,GET,https://tfctest-003-production.up.railway.app/_next/static/chunks/310vm2bl3xxpt.js,200,OK,376,445,5364
4941,Mon Sep 07 17:14:10 BDT 2026,Mon Sep 07 17:14:10 BDT 2026,GET,https://tfctest-003-production.up.railway.app/_next/static/chunks/0c8dxi1n9cwvo.js,200,OK,451,446,30789
4942,Mon Sep 07 17:14:09 BDT 2026,Mon Sep 07 17:14:10 BDT 2026,GET,https://tfctest-003-production.up.railway.app/_next/static/chunks/3byuobrkyz9bj.js,200,OK,601,448,229156
4943,Mon Sep 07 17:14:10 BDT 2026,Mon Sep 07 17:14:10 BDT 2026,GET,https://tfctest-003-production.up.railway.app/_next/static/chunks/41e51xi0jg3r5.js,200,OK,220,443,435
4944,Mon Sep 07 17:14:09 BDT 2026,Mon Sep 07 17:14:10 BDT 2026,GET,https://tfctest-003-production.up.railway.app/,200,OK,690,534,40580
4945,Mon Sep 07 17:14:10 BDT 2026,Mon Sep 07 17:14:10 BDT 2026,GET,https://tfctest-003-production.up.railway.app/_next,404,Not Found,386,361,9
4946,Mon Sep 07 17:14:09 BDT 2026,Mon Sep 07 17:14:10 BDT 2026,GET,https://tfctest-003-production.up.railway.app/_next/static/chunks/1anzu2ub5yuwq.js,200,OK,605,448,252239
4947,Mon Sep 07 17:14:10 BDT 2026,Mon Sep 07 17:14:10 BDT 2026,GET,https://tfctest-003-production.up.railway.app/_next/static/chunks/1o1wrvvhjf0i_.js,200,OK,385,444,2656
4948,Mon Sep 07 17:14:10 BDT 2026,Mon Sep 07 17:14:10 BDT 2026,GET,https://tfctest-003-production.up.railway.app/_next/static,404,Not Found,387,361,9
4949,Mon Sep 07 17:14:10 BDT 2026,Mon Sep 07 17:14:10 BDT 2026,GET,https://tfctest-003-production.up.railway.app/_next/static/chunks/2-asbtym1dph6.css,200,OK,438,432,16456
4950,Mon Sep 07 17:14:10 BDT 2026,Mon Sep 07 17:14:10 BDT 2026,GET,https://tfctest-003-production.up.railway.app/_next/static/chunks/117ikqmffwu7c.js,200,OK,394,444,3855
4951,Mon Sep 07 17:14:10 BDT 2026,Mon Sep 07 17:14:10 BDT 2026,GET,https://tfctest-003-production.up.railway.app/checkout,200,OK,632,533,9445
4952,Mon Sep 07 17:14:10 BDT 2026,Mon Sep 07 17:14:10 BDT 2026,GET,https://tfctest-003-production.up.railway.app/_next/static/chunks/29onmyeuwxtah.js,200,OK,398,444,2783
4953,Mon Sep 07 17:14:10 BDT 2026,Mon Sep 07 17:14:10 BDT 2026,GET,https://tfctest-003-production.up.railway.app/_next/static/chunks/1r1n67o63_hi9.js,200,OK,402,444,2686
4954,Mon Sep 07 17:14:10 BDT 2026,Mon Sep 07 17:14:10 BDT 2026,GET,https://tfctest-003-production.up.railway.app/_next/static/chunks/turbopack-3f9dlf6wkixxm.js,200,OK,393,445,9754
4955,Mon Sep 07 17:14:10 BDT 2026,Mon Sep 07 17:14:10 BDT 2026,GET,https://tfctest-003-production.up.railway.app/_next/static/chunks/139jb8ldphrjq.js,200,OK,686,448,407239
4956,Mon Sep 07 17:14:10 BDT 2026,Mon Sep 07 17:14:10 BDT 2026,GET,https://tfctest-003-production.up.railway.app/?_rsc=tXyZJ52UQVBCVsD3,200,OK,405,428,998
4958,Mon Sep 07 17:14:10 BDT 2026,Mon Sep 07 17:14:10 BDT 2026,GET,https://tfctest-003-production.up.railway.app/_next/static/chunks,404,Not Found,423,361,9
4959,Mon Sep 07 17:14:10 BDT 2026,Mon Sep 07 17:14:10 BDT 2026,GET,https://tfctest-003-production.up.railway.app/_next/static/chunks/41e51xi0jg3r5.js,200,OK,238,443,435
4960,Mon Sep 07 17:14:10 BDT 2026,Mon Sep 07 17:14:10 BDT 2026,GET,https://tfctest-003-production.up.railway.app/_next/static/chunks/310vm2bl3xxpt.js,200,OK,396,445,5364
4961,Mon Sep 07 17:14:10 BDT 2026,Mon Sep 07 17:14:10 BDT 2026,GET,https://tfctest-003-production.up.railway.app,200,OK,693,534,40580
4962,Mon Sep 07 17:14:10 BDT 2026,Mon Sep 07 17:14:10 BDT 2026,GET,https://tfctest-003-production.up.railway.app/_next/static/chunks/11be91k_gj8bl.js,200,OK,454,446,30708
4963,Mon Sep 07 17:14:10 BDT 2026,Mon Sep 07 17:14:10 BDT 2026,GET,https://tfctest-003-production.up.railway.app/_next/static/chunks/0c8dxi1n9cwvo.js,200,OK,445,446,30789
4964,Mon Sep 07 17:14:10 BDT 2026,Mon Sep 07 17:14:10 BDT 2026,GET,https://tfctest-003-production.up.railway.app/_next/static/chunks/1o1wrvvhjf0i_.js,200,OK,382,444,2656
4965,Mon Sep 07 17:14:10 BDT 2026,Mon Sep 07 17:14:10 BDT 2026,GET,https://tfctest-003-production.up.railway.app/_next/static/chunks/2mmpezlrfmbu5.js,200,OK,473,446,34718
4966,Mon Sep 07 17:14:10 BDT 2026,Mon Sep 07 17:14:10 BDT 2026,GET,https://tfctest-003-production.up.railway.app/_next/static,404,Not Found,385,361,9
4967,Mon Sep 07 17:14:10 BDT 2026,Mon Sep 07 17:14:10 BDT 2026,GET,https://tfctest-003-production.up.railway.app/_next/static/chunks/3-xpmlk5hluyb.js,200,OK,575,448,129336
4968,Mon Sep 07 17:14:10 BDT 2026,Mon Sep 07 17:14:11 BDT 2026,GET,https://tfctest-003-production.up.railway.app/_next/static/chunks/41e51xi0jg3r5.js,200,OK,225,443,435
4969,Mon Sep 07 17:14:10 BDT 2026,Mon Sep 07 17:14:11 BDT 2026,GET,https://tfctest-003-production.up.railway.app/_next/static/chunks/117ikqmffwu7c.js,200,OK,387,444,3855
4970,Mon Sep 07 17:14:10 BDT 2026,Mon Sep 07 17:14:11 BDT 2026,GET,https://tfctest-003-production.up.railway.app/_next,404,Not Found,451,361,9
4971,Mon Sep 07 17:14:10 BDT 2026,Mon Sep 07 17:14:11 BDT 2026,GET,https://tfctest-003-production.up.railway.app/_next/static/chunks/2-asbtym1dph6.css,200,OK,428,432,16456
4972,Mon Sep 07 17:14:10 BDT 2026,Mon Sep 07 17:14:11 BDT 2026,GET,https://tfctest-003-production.up.railway.app/_next/static/chunks/1r1n67o63_hi9.js,200,OK,390,444,2686
4973,Mon Sep 07 17:14:10 BDT 2026,Mon Sep 07 17:14:11 BDT 2026,GET,https://tfctest-003-production.up.railway.app/_next/static/chunks/turbopack-3f9dlf6wkixxm.js,200,OK,394,445,9754
4974,Mon Sep 07 17:14:10 BDT 2026,Mon Sep 07 17:14:11 BDT 2026,GET,https://tfctest-003-production.up.railway.app/_next/static/chunks/29onmyeuwxtah.js,200,OK,407,444,2783
4975,Mon Sep 07 17:14:10 BDT 2026,Mon Sep 07 17:14:11 BDT 2026,GET,https://tfctest-003-production.up.railway.app/_next/static/chunks/3byuobrkyz9bj.js,200,OK,597,448,229156
4976,Mon Sep 07 17:14:10 BDT 2026,Mon Sep 07 17:14:11 BDT 2026,GET,https://tfctest-003-production.up.railway.app/?_rsc=tXyZJ52UQVBCVsD3,200,OK,394,428,998
4978,Mon Sep 07 17:14:10 BDT 2026,Mon Sep 07 17:14:11 BDT 2026,GET,https://tfctest-003-production.up.railway.app/_next/static/chunks,404,Not Found,387,361,9
4979,Mon Sep 07 17:14:10 BDT 2026,Mon Sep 07 17:14:11 BDT 2026,GET,https://tfctest-003-production.up.railway.app/_next/static/chunks/1anzu2ub5yuwq.js,200,OK,622,448,252239
4980,Mon Sep 07 17:14:10 BDT 2026,Mon Sep 07 17:14:11 BDT 2026,GET,https://tfctest-003-production.up.railway.app/_next/static,404,Not Found,383,361,9
4981,Mon Sep 07 17:14:10 BDT 2026,Mon Sep 07 17:14:11 BDT 2026,GET,https://tfctest-003-production.up.railway.app/_next/static/chunks/310vm2bl3xxpt.js,200,OK,381,445,5364
4982,Mon Sep 07 17:14:10 BDT 2026,Mon Sep 07 17:14:11 BDT 2026,GET,https://tfctest-003-production.up.railway.app/,200,OK,715,534,40580
4983,Mon Sep 07 17:14:10 BDT 2026,Mon Sep 07 17:14:11 BDT 2026,GET,https://tfctest-003-production.up.railway.app/checkout,200,OK,624,533,9445
4984,Mon Sep 07 17:14:11 BDT 2026,Mon Sep 07 17:14:11 BDT 2026,GET,https://tfctest-003-production.up.railway.app/_next/static/chunks/41e51xi0jg3r5.js,200,OK,220,443,435
4985,Mon Sep 07 17:14:11 BDT 2026,Mon Sep 07 17:14:11 BDT 2026,GET,https://tfctest-003-production.up.railway.app/_next/static/chunks/117ikqmffwu7c.js,200,OK,378,444,3855
4986,Mon Sep 07 17:14:10 BDT 2026,Mon Sep 07 17:14:11 BDT 2026,GET,https://tfctest-003-production.up.railway.app/_next/static/chunks/1o1wrvvhjf0i_.js,200,OK,395,444,2656
4987,Mon Sep 07 17:14:10 BDT 2026,Mon Sep 07 17:14:11 BDT 2026,POST,https://tfctest-003-production.up.railway.app/user/054dc930-e12d-4c0d-9a62-90bfe72bc4ab,200,OK,1244,445,5865
4989,Mon Sep 07 17:14:10 BDT 2026,Mon Sep 07 17:14:11 BDT 2026,GET,https://tfctest-003-production.up.railway.app/_next/static/chunks/11be91k_gj8bl.js,200,OK,452,446,30708
4990,Mon Sep 07 17:14:11 BDT 2026,Mon Sep 07 17:14:11 BDT 2026,GET,https://tfctest-003-production.up.railway.app/_next,404,Not Found,387,361,9
4991,Mon Sep 07 17:14:10 BDT 2026,Mon Sep 07 17:14:11 BDT 2026,GET,https://tfctest-003-production.up.railway.app/_next/static/chunks/139jb8ldphrjq.js,200,OK,680,448,407239
4992,Mon Sep 07 17:14:10 BDT 2026,Mon Sep 07 17:14:11 BDT 2026,GET,https://tfctest-003-production.up.railway.app/_next/static/chunks/0c8dxi1n9cwvo.js,200,OK,458,446,30789
4993,Mon Sep 07 17:14:11 BDT 2026,Mon Sep 07 17:14:11 BDT 2026,GET,https://tfctest-003-production.up.railway.app/_next/static/chunks/1r1n67o63_hi9.js,200,OK,383,444,2686
4994,Mon Sep 07 17:14:11 BDT 2026,Mon Sep 07 17:14:11 BDT 2026,GET,https://tfctest-003-production.up.railway.app/_next/static/chunks/turbopack-3f9dlf6wkixxm.js,200,OK,385,445,9754
4995,Mon Sep 07 17:14:10 BDT 2026,Mon Sep 07 17:14:11 BDT 2026,GET,https://tfctest-003-production.up.railway.app/_next/static/chunks/2mmpezlrfmbu5.js,200,OK,456,446,34718
4996,Mon Sep 07 17:14:11 BDT 2026,Mon Sep 07 17:14:11 BDT 2026,GET,https://tfctest-003-production.up.railway.app/_next/static/chunks/2-asbtym1dph6.css,200,OK,437,432,16456
4997,Mon Sep 07 17:14:11 BDT 2026,Mon Sep 07 17:14:11 BDT 2026,GET,https://tfctest-003-production.up.railway.app/_next/static/chunks,404,Not Found,377,361,9
4998,Mon Sep 07 17:14:11 BDT 2026,Mon Sep 07 17:14:11 BDT 2026,GET,https://tfctest-003-production.up.railway.app/?_rsc=tXyZJ52UQVBCVsD3,200,OK,390,428,998
5000,Mon Sep 07 17:14:10 BDT 2026,Mon Sep 07 17:14:11 BDT 2026,GET,https://tfctest-003-production.up.railway.app,200,OK,728,534,40580
5001,Mon Sep 07 17:14:11 BDT 2026,Mon Sep 07 17:14:11 BDT 2026,GET,https://tfctest-003-production.up.railway.app/_next/static/chunks/29onmyeuwxtah.js,200,OK,607,444,2783
5002,Mon Sep 07 17:14:11 BDT 2026,Mon Sep 07 17:14:11 BDT 2026,GET,https://tfctest-003-production.up.railway.app/_next/static,404,Not Found,330,361,9
5003,Mon Sep 07 17:14:11 BDT 2026,Mon Sep 07 17:14:11 BDT 2026,GET,https://tfctest-003-production.up.railway.app/_next/static/chunks/41e51xi0jg3r5.js,200,OK,369,443,435
5004,Mon Sep 07 17:14:11 BDT 2026,Mon Sep 07 17:14:11 BDT 2026,GET,https://tfctest-003-production.up.railway.app/_next/static/chunks/3byuobrkyz9bj.js,200,OK,682,448,229156
5005,Mon Sep 07 17:14:11 BDT 2026,Mon Sep 07 17:14:11 BDT 2026,GET,https://tfctest-003-production.up.railway.app/_next,404,Not Found,406,361,9
5006,Mon Sep 07 17:14:11 BDT 2026,Mon Sep 07 17:14:11 BDT 2026,GET,https://tfctest-003-production.up.railway.app/_next/static/chunks/1r1n67o63_hi9.js,200,OK,383,444,2686
5007,Mon Sep 07 17:14:11 BDT 2026,Mon Sep 07 17:14:11 BDT 2026,GET,https://tfctest-003-production.up.railway.app/_next/static/chunks/117ikqmffwu7c.js,200,OK,435,444,3855
5008,Mon Sep 07 17:14:11 BDT 2026,Mon Sep 07 17:14:11 BDT 2026,GET,https://tfctest-003-production.up.railway.app/_next/static/chunks/turbopack-3f9dlf6wkixxm.js,200,OK,396,445,9754
5009,Mon Sep 07 17:14:10 BDT 2026,Mon Sep 07 17:14:11 BDT 2026,GET,https://tfctest-003-production.up.railway.app/_next/static/chunks/3-xpmlk5hluyb.js,200,OK,896,448,129336
5010,Mon Sep 07 17:14:11 BDT 2026,Mon Sep 07 17:14:11 BDT 2026,GET,https://tfctest-003-production.up.railway.app/_next/static/chunks/2mmpezlrfmbu5.js,200,OK,454,446,34718
5011,Mon Sep 07 17:14:11 BDT 2026,Mon Sep 07 17:14:11 BDT 2026,GET,https://tfctest-003-production.up.railway.app/_next/static/chunks/11be91k_gj8bl.js,200,OK,493,446,30708
5012,Mon Sep 07 17:14:11 BDT 2026,Mon Sep 07 17:14:11 BDT 2026,GET,https://tfctest-003-production.up.railway.app/_next/static/chunks/310vm2bl3xxpt.js,200,OK,521,445,5364
5013,Mon Sep 07 17:14:11 BDT 2026,Mon Sep 07 17:14:11 BDT 2026,GET,https://tfctest-003-production.up.railway.app/_next/static/chunks/1anzu2ub5yuwq.js,200,OK,735,448,252239
5014,Mon Sep 07 17:14:11 BDT 2026,Mon Sep 07 17:14:11 BDT 2026,GET,https://tfctest-003-production.up.railway.app/_next/static/chunks/1o1wrvvhjf0i_.js,200,OK,546,444,2656
5015,Mon Sep 07 17:14:11 BDT 2026,Mon Sep 07 17:14:11 BDT 2026,GET,https://tfctest-003-production.up.railway.app/_next/static/chunks,404,Not Found,422,361,9
5016,Mon Sep 07 17:14:11 BDT 2026,Mon Sep 07 17:14:11 BDT 2026,GET,https://tfctest-003-production.up.railway.app/_next/static/chunks/2-asbtym1dph6.css,200,OK,483,432,16456
5017,Mon Sep 07 17:14:11 BDT 2026,Mon Sep 07 17:14:11 BDT 2026,GET,https://tfctest-003-production.up.railway.app/_next/static/chunks/0c8dxi1n9cwvo.js,200,OK,547,446,30789
5018,Mon Sep 07 17:14:11 BDT 2026,Mon Sep 07 17:14:11 BDT 2026,GET,https://tfctest-003-production.up.railway.app/_next/static/chunks/41e51xi0jg3r5.js,200,OK,225,443,435
5019,Mon Sep 07 17:14:11 BDT 2026,Mon Sep 07 17:14:12 BDT 2026,GET,https://tfctest-003-production.up.railway.app/checkout,200,OK,641,533,9445
5020,Mon Sep 07 17:14:11 BDT 2026,Mon Sep 07 17:14:12 BDT 2026,GET,https://tfctest-003-production.up.railway.app/_next/static/chunks/29onmyeuwxtah.js,200,OK,385,444,2783
5021,Mon Sep 07 17:14:10 BDT 2026,Mon Sep 07 17:14:12 BDT 2026,POST,https://tfctest-003-production.up.railway.app/checkout,200,OK,1826,508,4970
5023,Mon Sep 07 17:14:11 BDT 2026,Mon Sep 07 17:14:12 BDT 2026,GET,https://tfctest-003-production.up.railway.app/_next/static,404,Not Found,373,361,9
5024,Mon Sep 07 17:14:11 BDT 2026,Mon Sep 07 17:14:12 BDT 2026,GET,https://tfctest-003-production.up.railway.app/,200,OK,701,534,40580
5025,Mon Sep 07 17:14:11 BDT 2026,Mon Sep 07 17:14:12 BDT 2026,GET,https://tfctest-003-production.up.railway.app/_next/static/chunks/139jb8ldphrjq.js,200,OK,673,448,407239
5026,Mon Sep 07 17:14:11 BDT 2026,Mon Sep 07 17:14:12 BDT 2026,GET,https://tfctest-003-production.up.railway.app/_next/static/chunks/117ikqmffwu7c.js,200,OK,371,444,3855
5027,Mon Sep 07 17:14:11 BDT 2026,Mon Sep 07 17:14:12 BDT 2026,GET,https://tfctest-003-production.up.railway.app/_next/static/chunks/1r1n67o63_hi9.js,200,OK,381,444,2686
5028,Mon Sep 07 17:14:11 BDT 2026,Mon Sep 07 17:14:12 BDT 2026,GET,https://tfctest-003-production.up.railway.app/_next,404,Not Found,388,361,9
5029,Mon Sep 07 17:14:11 BDT 2026,Mon Sep 07 17:14:12 BDT 2026,GET,https://tfctest-003-production.up.railway.app/_next/static/chunks/turbopack-3f9dlf6wkixxm.js,200,OK,386,445,9754
5030,Mon Sep 07 17:14:11 BDT 2026,Mon Sep 07 17:14:12 BDT 2026,GET,https://tfctest-003-production.up.railway.app/_next/static/chunks/1o1wrvvhjf0i_.js,200,OK,377,444,2656
5031,Mon Sep 07 17:14:11 BDT 2026,Mon Sep 07 17:14:12 BDT 2026,GET,https://tfctest-003-production.up.railway.app/_next/static/chunks,404,Not Found,380,361,9
5032,Mon Sep 07 17:14:11 BDT 2026,Mon Sep 07 17:14:12 BDT 2026,GET,https://tfctest-003-production.up.railway.app/_next/static/chunks/310vm2bl3xxpt.js,200,OK,421,445,5364
5033,Mon Sep 07 17:14:11 BDT 2026,Mon Sep 07 17:14:12 BDT 2026,GET,https://tfctest-003-production.up.railway.app/checkout?_rsc=O5xA53AAoqK4V3wy,200,OK,623,429,2403
5035,Mon Sep 07 17:14:11 BDT 2026,Mon Sep 07 17:14:12 BDT 2026,GET,https://tfctest-003-production.up.railway.app,200,OK,694,534,40580
5036,Mon Sep 07 17:14:11 BDT 2026,Mon Sep 07 17:14:12 BDT 2026,GET,https://tfctest-003-production.up.railway.app/_next/static/chunks/2mmpezlrfmbu5.js,200,OK,462,446,34718
5037,Mon Sep 07 17:14:11 BDT 2026,Mon Sep 07 17:14:12 BDT 2026,GET,https://tfctest-003-production.up.railway.app/_next/static/chunks/11be91k_gj8bl.js,200,OK,488,446,30708
5038,Mon Sep 07 17:14:11 BDT 2026,Mon Sep 07 17:14:12 BDT 2026,GET,https://tfctest-003-production.up.railway.app/_next/static/chunks/2-asbtym1dph6.css,200,OK,438,432,16456
5039,Mon Sep 07 17:14:11 BDT 2026,Mon Sep 07 17:14:12 BDT 2026,GET,https://tfctest-003-production.up.railway.app/_next/static/chunks/3byuobrkyz9bj.js,200,OK,602,448,229156
5040,Mon Sep 07 17:14:12 BDT 2026,Mon Sep 07 17:14:12 BDT 2026,GET,https://tfctest-003-production.up.railway.app/_next/static/chunks/29onmyeuwxtah.js,200,OK,378,444,2783
5041,Mon Sep 07 17:14:11 BDT 2026,Mon Sep 07 17:14:12 BDT 2026,GET,https://tfctest-003-production.up.railway.app/_next/static/chunks/3-xpmlk5hluyb.js,200,OK,551,448,129336
5042,Mon Sep 07 17:14:11 BDT 2026,Mon Sep 07 17:14:12 BDT 2026,GET,https://tfctest-003-production.up.railway.app/_next/static/chunks/0c8dxi1n9cwvo.js,200,OK,464,446,30789
5043,Mon Sep 07 17:14:12 BDT 2026,Mon Sep 07 17:14:12 BDT 2026,GET,https://tfctest-003-production.up.railway.app/_next/static,404,Not Found,368,361,9
5044,Mon Sep 07 17:14:12 BDT 2026,Mon Sep 07 17:14:12 BDT 2026,GET,https://tfctest-003-production.up.railway.app/favicon.ico,404,Not Found,393,361,9
5045,Mon Sep 07 17:14:12 BDT 2026,Mon Sep 07 17:14:12 BDT 2026,GET,https://tfctest-003-production.up.railway.app/checkout,200,OK,518,533,9445
5046,Mon Sep 07 17:14:11 BDT 2026,Mon Sep 07 17:14:12 BDT 2026,GET,https://tfctest-003-production.up.railway.app/_next/static/chunks/1anzu2ub5yuwq.js,200,OK,618,448,252239
5047,Mon Sep 07 17:14:12 BDT 2026,Mon Sep 07 17:14:12 BDT 2026,GET,https://tfctest-003-production.up.railway.app/_next/static/chunks/1r1n67o63_hi9.js,200,OK,376,444,2686
5048,Mon Sep 07 17:14:12 BDT 2026,Mon Sep 07 17:14:12 BDT 2026,GET,https://tfctest-003-production.up.railway.app/_next,404,Not Found,379,361,9
5049,Mon Sep 07 17:14:12 BDT 2026,Mon Sep 07 17:14:12 BDT 2026,GET,https://tfctest-003-production.up.railway.app/_next/static/chunks/117ikqmffwu7c.js,200,OK,398,444,3855
5050,Mon Sep 07 17:14:12 BDT 2026,Mon Sep 07 17:14:12 BDT 2026,GET,https://tfctest-003-production.up.railway.app/_next/static/chunks/turbopack-3f9dlf6wkixxm.js,200,OK,384,445,9754
5051,Mon Sep 07 17:14:12 BDT 2026,Mon Sep 07 17:14:12 BDT 2026,GET,https://tfctest-003-production.up.railway.app/_next/static/chunks,404,Not Found,372,361,9
5052,Mon Sep 07 17:14:12 BDT 2026,Mon Sep 07 17:14:12 BDT 2026,GET,https://tfctest-003-production.up.railway.app/_next/static/chunks/310vm2bl3xxpt.js,200,OK,387,445,5364
5053,Mon Sep 07 17:14:12 BDT 2026,Mon Sep 07 17:14:12 BDT 2026,GET,https://tfctest-003-production.up.railway.app/_next/static/chunks/1o1wrvvhjf0i_.js,200,OK,401,444,2656
5054,Mon Sep 07 17:14:12 BDT 2026,Mon Sep 07 17:14:12 BDT 2026,GET,https://tfctest-003-production.up.railway.app/_next/static/chunks/139jb8ldphrjq.js,200,OK,660,448,407239
5055,Mon Sep 07 17:14:12 BDT 2026,Mon Sep 07 17:14:12 BDT 2026,GET,https://tfctest-003-production.up.railway.app/,200,OK,677,534,40317
5057,Mon Sep 07 17:14:12 BDT 2026,Mon Sep 07 17:14:12 BDT 2026,GET,https://tfctest-003-production.up.railway.app/_next/static/chunks/29onmyeuwxtah.js,200,OK,387,444,2783
5058,Mon Sep 07 17:14:12 BDT 2026,Mon Sep 07 17:14:12 BDT 2026,GET,https://tfctest-003-production.up.railway.app/_next/static/chunks/2mmpezlrfmbu5.js,200,OK,466,446,34718
5059,Mon Sep 07 17:14:12 BDT 2026,Mon Sep 07 17:14:12 BDT 2026,GET,https://tfctest-003-production.up.railway.app/_next/static/chunks/11be91k_gj8bl.js,200,OK,463,446,30708
5060,Mon Sep 07 17:14:12 BDT 2026,Mon Sep 07 17:14:12 BDT 2026,GET,https://tfctest-003-production.up.railway.app/_next/static,404,Not Found,406,361,9
5061,Mon Sep 07 17:14:12 BDT 2026,Mon Sep 07 17:14:12 BDT 2026,GET,https://tfctest-003-production.up.railway.app/_next/static/chunks/2-asbtym1dph6.css,200,OK,460,432,16456
5062,Mon Sep 07 17:14:12 BDT 2026,Mon Sep 07 17:14:12 BDT 2026,GET,https://tfctest-003-production.up.railway.app/favicon.ico,404,Not Found,380,361,9
5063,Mon Sep 07 17:14:12 BDT 2026,Mon Sep 07 17:14:12 BDT 2026,GET,https://tfctest-003-production.up.railway.app/_next/static/chunks/0c8dxi1n9cwvo.js,200,OK,483,446,30789
5064,Mon Sep 07 17:14:12 BDT 2026,Mon Sep 07 17:14:12 BDT 2026,GET,https://tfctest-003-production.up.railway.app/_next/static/chunks/1r1n67o63_hi9.js,200,OK,392,444,2686
5065,Mon Sep 07 17:14:12 BDT 2026,Mon Sep 07 17:14:12 BDT 2026,GET,https://tfctest-003-production.up.railway.app/checkout?_rsc=O5xA53AAoqK4V3wy,200,OK,627,429,2403
5067,Mon Sep 07 17:14:12 BDT 2026,Mon Sep 07 17:14:12 BDT 2026,GET,https://tfctest-003-production.up.railway.app/_next/static/chunks/117ikqmffwu7c.js,200,OK,395,444,3855
5068,Mon Sep 07 17:14:12 BDT 2026,Mon Sep 07 17:14:13 BDT 2026,GET,https://tfctest-003-production.up.railway.app/_next/static/chunks/turbopack-3f9dlf6wkixxm.js,200,OK,390,445,9754
5069,Mon Sep 07 17:14:12 BDT 2026,Mon Sep 07 17:14:13 BDT 2026,GET,https://tfctest-003-production.up.railway.app/_next/static/chunks/3-xpmlk5hluyb.js,200,OK,570,448,129336
5070,Mon Sep 07 17:14:12 BDT 2026,Mon Sep 07 17:14:13 BDT 2026,GET,https://tfctest-003-production.up.railway.app,200,OK,702,534,40317
5072,Mon Sep 07 17:14:12 BDT 2026,Mon Sep 07 17:14:13 BDT 2026,GET,https://tfctest-003-production.up.railway.app/_next/static/chunks,404,Not Found,376,361,9
5073,Mon Sep 07 17:14:12 BDT 2026,Mon Sep 07 17:14:13 BDT 2026,GET,https://tfctest-003-production.up.railway.app/_next/static/chunks/3byuobrkyz9bj.js,200,OK,686,448,229156
5074,Mon Sep 07 17:14:12 BDT 2026,Mon Sep 07 17:14:13 BDT 2026,GET,https://tfctest-003-production.up.railway.app/_next/static/chunks/1o1wrvvhjf0i_.js,200,OK,387,444,2656
5075,Mon Sep 07 17:14:11 BDT 2026,Mon Sep 07 17:14:13 BDT 2026,POST,https://tfctest-003-production.up.railway.app/user/054dc930-e12d-4c0d-9a62-90bfe72bc4ab,200,OK,1696,445,5866
5077,Mon Sep 07 17:14:12 BDT 2026,Mon Sep 07 17:14:13 BDT 2026,GET,https://tfctest-003-production.up.railway.app/_next/static/chunks/310vm2bl3xxpt.js,200,OK,430,445,5364
5078,Mon Sep 07 17:14:12 BDT 2026,Mon Sep 07 17:14:13 BDT 2026,GET,https://tfctest-003-production.up.railway.app/login?_rsc=tXyZJ52UQVBCVsD3,200,OK,402,429,1052
5080,Mon Sep 07 17:14:12 BDT 2026,Mon Sep 07 17:14:13 BDT 2026,GET,https://tfctest-003-production.up.railway.app/_next/static/chunks/29onmyeuwxtah.js,200,OK,385,444,2783
5081,Mon Sep 07 17:14:12 BDT 2026,Mon Sep 07 17:14:13 BDT 2026,GET,https://tfctest-003-production.up.railway.app/_next/static/chunks/1anzu2ub5yuwq.js,200,OK,654,448,252239
5082,Mon Sep 07 17:14:12 BDT 2026,Mon Sep 07 17:14:13 BDT 2026,GET,https://tfctest-003-production.up.railway.app/checkout,200,OK,685,533,9445
5083,Mon Sep 07 17:14:12 BDT 2026,Mon Sep 07 17:14:13 BDT 2026,GET,https://tfctest-003-production.up.railway.app/favicon.ico,404,Not Found,381,361,9
5084,Mon Sep 07 17:14:12 BDT 2026,Mon Sep 07 17:14:13 BDT 2026,GET,https://tfctest-003-production.up.railway.app/_next/static/chunks/2mmpezlrfmbu5.js,200,OK,466,446,34718
5085,Mon Sep 07 17:14:12 BDT 2026,Mon Sep 07 17:14:13 BDT 2026,GET,https://tfctest-003-production.up.railway.app/_next/static/chunks/2-asbtym1dph6.css,200,OK,430,432,16456
5086,Mon Sep 07 17:14:12 BDT 2026,Mon Sep 07 17:14:13 BDT 2026,GET,https://tfctest-003-production.up.railway.app/login?next=%2Fcheckout&_rsc=5CB68i4pnAekjehf,200,OK,393,428,282
5087,Mon Sep 07 17:14:12 BDT 2026,Mon Sep 07 17:14:13 BDT 2026,GET,https://tfctest-003-production.up.railway.app/_next/static/chunks/1r1n67o63_hi9.js,200,OK,386,444,2686
5088,Mon Sep 07 17:14:12 BDT 2026,Mon Sep 07 17:14:13 BDT 2026,GET,https://tfctest-003-production.up.railway.app/_next/static/chunks/0c8dxi1n9cwvo.js,200,OK,459,446,30789
5089,Mon Sep 07 17:14:13 BDT 2026,Mon Sep 07 17:14:13 BDT 2026,GET,https://tfctest-003-production.up.railway.app/_next/static/chunks/turbopack-3f9dlf6wkixxm.js,200,OK,384,445,9754
5090,Mon Sep 07 17:14:12 BDT 2026,Mon Sep 07 17:14:13 BDT 2026,GET,https://tfctest-003-production.up.railway.app/_next/static/chunks/117ikqmffwu7c.js,200,OK,407,444,3855
5091,Mon Sep 07 17:14:12 BDT 2026,Mon Sep 07 17:14:13 BDT 2026,GET,https://tfctest-003-production.up.railway.app/_next/static/chunks/11be91k_gj8bl.js,200,OK,591,446,30708
5092,Mon Sep 07 17:14:12 BDT 2026,Mon Sep 07 17:14:13 BDT 2026,GET,https://tfctest-003-production.up.railway.app/,200,OK,683,534,40580
5093,Mon Sep 07 17:14:13 BDT 2026,Mon Sep 07 17:14:13 BDT 2026,GET,https://tfctest-003-production.up.railway.app/_next/static/chunks,404,Not Found,382,361,9
5094,Mon Sep 07 17:14:12 BDT 2026,Mon Sep 07 17:14:13 BDT 2026,GET,https://tfctest-003-production.up.railway.app/_next/static/chunks/139jb8ldphrjq.js,200,OK,711,448,407239
5095,Mon Sep 07 17:14:13 BDT 2026,Mon Sep 07 17:14:13 BDT 2026,GET,https://tfctest-003-production.up.railway.app/_next/static/chunks/1o1wrvvhjf0i_.js,200,OK,385,444,2656
5096,Mon Sep 07 17:14:13 BDT 2026,Mon Sep 07 17:14:13 BDT 2026,GET,https://tfctest-003-production.up.railway.app/login?_rsc=tXyZJ52UQVBCVsD3,200,OK,376,429,1052
5098,Mon Sep 07 17:14:13 BDT 2026,Mon Sep 07 17:14:13 BDT 2026,GET,https://tfctest-003-production.up.railway.app/_next/static/chunks/310vm2bl3xxpt.js,200,OK,417,445,5364
5099,Mon Sep 07 17:14:13 BDT 2026,Mon Sep 07 17:14:13 BDT 2026,GET,https://tfctest-003-production.up.railway.app/_next/static/chunks/29onmyeuwxtah.js,200,OK,376,444,2783
5100,Mon Sep 07 17:14:13 BDT 2026,Mon Sep 07 17:14:13 BDT 2026,GET,https://tfctest-003-production.up.railway.app/_next/static/chunks/3-xpmlk5hluyb.js,200,OK,587,448,129336
5101,Mon Sep 07 17:14:12 BDT 2026,Mon Sep 07 17:14:13 BDT 2026,GET,https://tfctest-003-production.up.railway.app/checkout?_rsc=O5xA53AAoqK4V3wy,200,OK,620,429,2403
5103,Mon Sep 07 17:14:12 BDT 2026,Mon Sep 07 17:14:13 BDT 2026,POST,https://tfctest-003-production.up.railway.app/checkout,200,OK,1585,508,4970
5105,Mon Sep 07 17:14:13 BDT 2026,Mon Sep 07 17:14:13 BDT 2026,GET,https://tfctest-003-production.up.railway.app/favicon.ico,404,Not Found,392,361,9
5106,Mon Sep 07 17:14:13 BDT 2026,Mon Sep 07 17:14:13 BDT 2026,GET,https://tfctest-003-production.up.railway.app/_next/static/chunks/3byuobrkyz9bj.js,200,OK,600,448,229156
5107,Mon Sep 07 17:14:13 BDT 2026,Mon Sep 07 17:14:13 BDT 2026,GET,https://tfctest-003-production.up.railway.app/login?next=%2Fcheckout&_rsc=5CB68i4pnAekjehf,200,OK,381,428,282
5108,Mon Sep 07 17:14:13 BDT 2026,Mon Sep 07 17:14:13 BDT 2026,GET,https://tfctest-003-production.up.railway.app/_next/static/chunks/2-asbtym1dph6.css,200,OK,439,432,16456
5109,Mon Sep 07 17:14:13 BDT 2026,Mon Sep 07 17:14:13 BDT 2026,GET,https://tfctest-003-production.up.railway.app/_next/static/chunks/2mmpezlrfmbu5.js,200,OK,481,446,34718
5110,Mon Sep 07 17:14:13 BDT 2026,Mon Sep 07 17:14:13 BDT 2026,GET,https://tfctest-003-production.up.railway.app/_next/static/chunks/1anzu2ub5yuwq.js,200,OK,617,448,252239
5111,Mon Sep 07 17:14:13 BDT 2026,Mon Sep 07 17:14:13 BDT 2026,GET,https://tfctest-003-production.up.railway.app/_next/static/chunks/0c8dxi1n9cwvo.js,200,OK,438,446,30789
5112,Mon Sep 07 17:14:13 BDT 2026,Mon Sep 07 17:14:13 BDT 2026,GET,https://tfctest-003-production.up.railway.app,200,OK,796,534,40580
5113,Mon Sep 07 17:14:13 BDT 2026,Mon Sep 07 17:14:13 BDT 2026,GET,https://tfctest-003-production.up.railway.app/checkout,200,OK,626,533,9182
5115,Mon Sep 07 17:14:13 BDT 2026,Mon Sep 07 17:14:13 BDT 2026,GET,https://tfctest-003-production.up.railway.app/_next/static/chunks/11be91k_gj8bl.js,200,OK,464,446,30708
5116,Mon Sep 07 17:14:13 BDT 2026,Mon Sep 07 17:14:13 BDT 2026,GET,https://tfctest-003-production.up.railway.app/login?_rsc=tXyZJ52UQVBCVsD3,200,OK,388,429,1052
5118,Mon Sep 07 17:14:13 BDT 2026,Mon Sep 07 17:14:13 BDT 2026,GET,https://tfctest-003-production.up.railway.app/_next/static/chunks/310vm2bl3xxpt.js,200,OK,406,445,5364
5119,Mon Sep 07 17:14:13 BDT 2026,Mon Sep 07 17:14:13 BDT 2026,GET,https://tfctest-003-production.up.railway.app/products,404,Not Found,409,467,9302
5120,Mon Sep 07 17:14:13 BDT 2026,Mon Sep 07 17:14:14 BDT 2026,GET,https://tfctest-003-production.up.railway.app/favicon.ico,404,Not Found,379,361,9
5121,Mon Sep 07 17:14:13 BDT 2026,Mon Sep 07 17:14:14 BDT 2026,GET,https://tfctest-003-production.up.railway.app/login?next=%2Fcheckout&_rsc=5CB68i4pnAekjehf,200,OK,391,428,282
5122,Mon Sep 07 17:14:13 BDT 2026,Mon Sep 07 17:14:14 BDT 2026,GET,https://tfctest-003-production.up.railway.app/_next/static/chunks/139jb8ldphrjq.js,200,OK,660,448,407239
5123,Mon Sep 07 17:14:13 BDT 2026,Mon Sep 07 17:14:14 BDT 2026,GET,https://tfctest-003-production.up.railway.app/_next/static/chunks/3-xpmlk5hluyb.js,200,OK,558,448,129336
5124,Mon Sep 07 17:14:13 BDT 2026,Mon Sep 07 17:14:14 BDT 2026,GET,https://tfctest-003-production.up.railway.app/_next/static/chunks/2-asbtym1dph6.css,200,OK,437,432,16456
5125,Mon Sep 07 17:14:13 BDT 2026,Mon Sep 07 17:14:14 BDT 2026,GET,https://tfctest-003-production.up.railway.app/,200,OK,727,534,40580
5126,Mon Sep 07 17:14:13 BDT 2026,Mon Sep 07 17:14:14 BDT 2026,GET,https://tfctest-003-production.up.railway.app/_next/static/chunks/2mmpezlrfmbu5.js,200,OK,441,446,34718
5127,Mon Sep 07 17:14:13 BDT 2026,Mon Sep 07 17:14:14 BDT 2026,GET,https://tfctest-003-production.up.railway.app/checkout?_rsc=O5xA53AAoqK4V3wy,200,OK,625,429,2403
5129,Mon Sep 07 17:14:13 BDT 2026,Mon Sep 07 17:14:14 BDT 2026,GET,https://tfctest-003-production.up.railway.app/_next/static/chunks/0c8dxi1n9cwvo.js,200,OK,459,446,30789
5130,Mon Sep 07 17:14:13 BDT 2026,Mon Sep 07 17:14:14 BDT 2026,GET,https://tfctest-003-production.up.railway.app/_next/static/chunks/3byuobrkyz9bj.js,200,OK,650,448,229156
5131,Mon Sep 07 17:14:13 BDT 2026,Mon Sep 07 17:14:14 BDT 2026,GET,https://tfctest-003-production.up.railway.app/login?_rsc=tXyZJ52UQVBCVsD3,200,OK,400,429,1052
5133,Mon Sep 07 17:14:13 BDT 2026,Mon Sep 07 17:14:14 BDT 2026,GET,https://tfctest-003-production.up.railway.app/_next/static/chunks/11be91k_gj8bl.js,200,OK,471,446,30708
5134,Mon Sep 07 17:14:13 BDT 2026,Mon Sep 07 17:14:13 BDT 2026,GET,https://tfctest-003-production.up.railway.app/login?next=%2Fcheckout,200,OK,406,428,282
5136,Mon Sep 07 17:14:13 BDT 2026,Mon Sep 07 17:14:14 BDT 2026,GET,https://tfctest-003-production.up.railway.app/products,404,Not Found,434,467,9302
5137,Mon Sep 07 17:14:13 BDT 2026,Mon Sep 07 17:14:14 BDT 2026,POST,https://tfctest-003-production.up.railway.app/user/054dc930-e12d-4c0d-9a62-90bfe72bc4ab,200,OK,1290,445,5867
5138,Mon Sep 07 17:14:13 BDT 2026,Mon Sep 07 17:14:14 BDT 2026,GET,https://tfctest-003-production.up.railway.app/products/3?_rsc=tXyZJ52UQVBCVsD3,200,OK,434,429,1119
5141,Mon Sep 07 17:14:13 BDT 2026,Mon Sep 07 17:14:14 BDT 2026,GET,https://tfctest-003-production.up.railway.app/products/10?_rsc=tXyZJ52UQVBCVsD3,200,OK,439,429,1120
5143,Mon Sep 07 17:14:13 BDT 2026,Mon Sep 07 17:14:14 BDT 2026,GET,https://tfctest-003-production.up.railway.app/products/2?_rsc=tXyZJ52UQVBCVsD3,200,OK,439,429,1119
5145,Mon Sep 07 17:14:14 BDT 2026,Mon Sep 07 17:14:14 BDT 2026,GET,https://tfctest-003-production.up.railway.app/favicon.ico,404,Not Found,396,361,9
5146,Mon Sep 07 17:14:13 BDT 2026,Mon Sep 07 17:14:14 BDT 2026,GET,https://tfctest-003-production.up.railway.app/checkout,200,OK,622,533,9445
5147,Mon Sep 07 17:14:14 BDT 2026,Mon Sep 07 17:14:14 BDT 2026,GET,https://tfctest-003-production.up.railway.app/login?next=%2Fcheckout&_rsc=5CB68i4pnAekjehf,200,OK,375,428,282
5148,Mon Sep 07 17:14:13 BDT 2026,Mon Sep 07 17:14:14 BDT 2026,GET,https://tfctest-003-production.up.railway.app/_next/static/chunks/1anzu2ub5yuwq.js,200,OK,677,448,252239
5149,Mon Sep 07 17:14:13 BDT 2026,Mon Sep 07 17:14:14 BDT 2026,GET,https://tfctest-003-production.up.railway.app,200,OK,721,534,40580
5150,Mon Sep 07 17:14:13 BDT 2026,Mon Sep 07 17:14:14 BDT 2026,GET,https://tfctest-003-production.up.railway.app/products/2,200,OK,716,534,11504
5151,Mon Sep 07 17:14:14 BDT 2026,Mon Sep 07 17:14:14 BDT 2026,GET,https://tfctest-003-production.up.railway.app/login?_rsc=tXyZJ52UQVBCVsD3,200,OK,382,429,1052
5153,Mon Sep 07 17:14:14 BDT 2026,Mon Sep 07 17:14:14 BDT 2026,GET,https://tfctest-003-production.up.railway.app/_next/static/chunks/3-xpmlk5hluyb.js,200,OK,594,448,129336
5154,Mon Sep 07 17:14:14 BDT 2026,Mon Sep 07 17:14:14 BDT 2026,GET,https://tfctest-003-production.up.railway.app/products/4?_rsc=tXyZJ52UQVBCVsD3,200,OK,386,429,1119
5156,Mon Sep 07 17:14:14 BDT 2026,Mon Sep 07 17:14:14 BDT 2026,GET,https://tfctest-003-production.up.railway.app/products/5?_rsc=5CB68i4pnAekjehf,200,OK,392,428,332
5157,Mon Sep 07 17:14:14 BDT 2026,Mon Sep 07 17:14:14 BDT 2026,GET,https://tfctest-003-production.up.railway.app/products/6?_rsc=tXyZJ52UQVBCVsD3,200,OK,392,429,1119
5159,Mon Sep 07 17:14:14 BDT 2026,Mon Sep 07 17:14:14 BDT 2026,GET,https://tfctest-003-production.up.railway.app/products/10?_rsc=tXyZJ52UQVBCVsD3,200,OK,400,429,1120
5161,Mon Sep 07 17:14:14 BDT 2026,Mon Sep 07 17:14:14 BDT 2026,GET,https://tfctest-003-production.up.railway.app/products/3?_rsc=tXyZJ52UQVBCVsD3,200,OK,409,429,1119
5163,Mon Sep 07 17:14:14 BDT 2026,Mon Sep 07 17:14:14 BDT 2026,GET,https://tfctest-003-production.up.railway.app/products/2?_rsc=tXyZJ52UQVBCVsD3,200,OK,417,429,1119
5164,Mon Sep 07 17:14:13 BDT 2026,Mon Sep 07 17:14:14 BDT 2026,GET,https://tfctest-003-production.up.railway.app/orders?_rsc=TApk9dgxPX5IV-1l,200,OK,1270,429,8462
5167,Mon Sep 07 17:14:14 BDT 2026,Mon Sep 07 17:14:14 BDT 2026,GET,https://tfctest-003-production.up.railway.app/favicon.ico,404,Not Found,387,361,9
5168,Mon Sep 07 17:14:14 BDT 2026,Mon Sep 07 17:14:14 BDT 2026,GET,https://tfctest-003-production.up.railway.app/products,404,Not Found,431,467,9302
5169,Mon Sep 07 17:14:14 BDT 2026,Mon Sep 07 17:14:14 BDT 2026,GET,https://tfctest-003-production.up.railway.app/_next/static/chunks/139jb8ldphrjq.js,200,OK,714,448,407239
5170,Mon Sep 07 17:14:14 BDT 2026,Mon Sep 07 17:14:14 BDT 2026,GET,https://tfctest-003-production.up.railway.app/,200,OK,717,534,40580
5171,Mon Sep 07 17:14:14 BDT 2026,Mon Sep 07 17:14:14 BDT 2026,GET,https://tfctest-003-production.up.railway.app/login?next=%2Fcheckout&_rsc=5CB68i4pnAekjehf,200,OK,415,428,282
5172,Mon Sep 07 17:14:14 BDT 2026,Mon Sep 07 17:14:14 BDT 2026,GET,https://tfctest-003-production.up.railway.app/checkout?_rsc=O5xA53AAoqK4V3wy,200,OK,672,429,2403
5174,Mon Sep 07 17:14:14 BDT 2026,Mon Sep 07 17:14:14 BDT 2026,GET,https://tfctest-003-production.up.railway.app/_next/static/chunks/3byuobrkyz9bj.js,200,OK,603,448,229156
5175,Mon Sep 07 17:14:14 BDT 2026,Mon Sep 07 17:14:14 BDT 2026,GET,https://tfctest-003-production.up.railway.app/products/7?_rsc=tXyZJ52UQVBCVsD3,200,OK,410,429,1119
5177,Mon Sep 07 17:14:14 BDT 2026,Mon Sep 07 17:14:15 BDT 2026,GET,https://tfctest-003-production.up.railway.app/checkout,200,OK,614,533,9445
5178,Mon Sep 07 17:14:14 BDT 2026,Mon Sep 07 17:14:15 BDT 2026,GET,https://tfctest-003-production.up.railway.app/_next/static/chunks/1anzu2ub5yuwq.js,200,OK,670,448,252239
5179,Mon Sep 07 17:14:13 BDT 2026,Mon Sep 07 17:14:15 BDT 2026,POST,https://tfctest-003-production.up.railway.app/checkout,200,OK,1563,508,4970
5181,Mon Sep 07 17:14:14 BDT 2026,Mon Sep 07 17:14:15 BDT 2026,GET,https://tfctest-003-production.up.railway.app/favicon.ico,404,Not Found,381,361,9
5182,Mon Sep 07 17:14:14 BDT 2026,Mon Sep 07 17:14:14 BDT 2026,GET,https://tfctest-003-production.up.railway.app/login?next=%2Fcheckout,200,OK,387,428,282
5184,Mon Sep 07 17:14:14 BDT 2026,Mon Sep 07 17:14:15 BDT 2026,GET,https://tfctest-003-production.up.railway.app/products/4?_rsc=tXyZJ52UQVBCVsD3,200,OK,461,429,1119
5186,Mon Sep 07 17:14:14 BDT 2026,Mon Sep 07 17:14:15 BDT 2026,GET,https://tfctest-003-production.up.railway.app/login?_rsc=tXyZJ52UQVBCVsD3,200,OK,461,429,1052
5188,Mon Sep 07 17:14:14 BDT 2026,Mon Sep 07 17:14:15 BDT 2026,GET,https://tfctest-003-production.up.railway.app/products/2?_rsc=tXyZJ52UQVBCVsD3,200,OK,410,429,1119
5189,Mon Sep 07 17:14:14 BDT 2026,Mon Sep 07 17:14:15 BDT 2026,GET,https://tfctest-003-production.up.railway.app/products,404,Not Found,412,467,9302
5191,Mon Sep 07 17:14:14 BDT 2026,Mon Sep 07 17:14:15 BDT 2026,GET,https://tfctest-003-production.up.railway.app/products/3?_rsc=tXyZJ52UQVBCVsD3,200,OK,422,429,1119
5193,Mon Sep 07 17:14:14 BDT 2026,Mon Sep 07 17:14:15 BDT 2026,GET,https://tfctest-003-production.up.railway.app/products/10?_rsc=tXyZJ52UQVBCVsD3,200,OK,434,429,1120
5195,Mon Sep 07 17:14:14 BDT 2026,Mon Sep 07 17:14:15 BDT 2026,GET,https://tfctest-003-production.up.railway.app,200,OK,723,534,40580
5196,Mon Sep 07 17:14:14 BDT 2026,Mon Sep 07 17:14:15 BDT 2026,GET,https://tfctest-003-production.up.railway.app/products/6?_rsc=tXyZJ52UQVBCVsD3,200,OK,568,429,1119
5198,Mon Sep 07 17:14:14 BDT 2026,Mon Sep 07 17:14:15 BDT 2026,GET,https://tfctest-003-production.up.railway.app/products/5?_rsc=5CB68i4pnAekjehf,200,OK,578,428,332
5199,Mon Sep 07 17:14:15 BDT 2026,Mon Sep 07 17:14:15 BDT 2026,GET,https://tfctest-003-production.up.railway.app/products/7?_rsc=tXyZJ52UQVBCVsD3,200,OK,394,429,1119
5201,Mon Sep 07 17:14:14 BDT 2026,Mon Sep 07 17:14:15 BDT 2026,GET,https://tfctest-003-production.up.railway.app/_next/static/chunks/3-xpmlk5hluyb.js,200,OK,658,448,129336
5202,Mon Sep 07 17:14:14 BDT 2026,Mon Sep 07 17:14:15 BDT 2026,GET,https://tfctest-003-production.up.railway.app/products/2,200,OK,747,534,11504
5203,Mon Sep 07 17:14:14 BDT 2026,Mon Sep 07 17:14:15 BDT 2026,GET,https://tfctest-003-production.up.railway.app/login?next=%2Fcheckout&_rsc=5CB68i4pnAekjehf,200,OK,535,428,282
5204,Mon Sep 07 17:14:14 BDT 2026,Mon Sep 07 17:14:15 BDT 2026,GET,https://tfctest-003-production.up.railway.app/checkout?_rsc=O5xA53AAoqK4V3wy,200,OK,606,429,2403
5206,Mon Sep 07 17:14:14 BDT 2026,Mon Sep 07 17:14:15 BDT 2026,GET,https://tfctest-003-production.up.railway.app/_next/static/chunks/3byuobrkyz9bj.js,200,OK,602,448,229156
5207,Mon Sep 07 17:14:14 BDT 2026,Mon Sep 07 17:14:15 BDT 2026,GET,https://tfctest-003-production.up.railway.app/_next/static/chunks/139jb8ldphrjq.js,200,OK,704,448,407239
5208,Mon Sep 07 17:14:15 BDT 2026,Mon Sep 07 17:14:15 BDT 2026,GET,https://tfctest-003-production.up.railway.app/favicon.ico,404,Not Found,370,361,9
5209,Mon Sep 07 17:14:15 BDT 2026,Mon Sep 07 17:14:15 BDT 2026,GET,https://tfctest-003-production.up.railway.app/login?_rsc=tXyZJ52UQVBCVsD3,200,OK,383,429,1052
5211,Mon Sep 07 17:14:15 BDT 2026,Mon Sep 07 17:14:15 BDT 2026,GET,https://tfctest-003-production.up.railway.app/products/4?_rsc=tXyZJ52UQVBCVsD3,200,OK,397,429,1119
5213,Mon Sep 07 17:14:15 BDT 2026,Mon Sep 07 17:14:15 BDT 2026,GET,https://tfctest-003-production.up.railway.app/products/10?_rsc=tXyZJ52UQVBCVsD3,200,OK,386,429,1120
5215,Mon Sep 07 17:14:15 BDT 2026,Mon Sep 07 17:14:15 BDT 2026,GET,https://tfctest-003-production.up.railway.app/products/3?_rsc=tXyZJ52UQVBCVsD3,200,OK,386,429,1119
5217,Mon Sep 07 17:14:15 BDT 2026,Mon Sep 07 17:14:15 BDT 2026,GET,https://tfctest-003-production.up.railway.app/products,404,Not Found,408,467,9302
5218,Mon Sep 07 17:14:14 BDT 2026,Mon Sep 07 17:14:15 BDT 2026,POST,https://tfctest-003-production.up.railway.app/user/054dc930-e12d-4c0d-9a62-90bfe72bc4ab,200,OK,1300,445,5867
5220,Mon Sep 07 17:14:15 BDT 2026,Mon Sep 07 17:14:15 BDT 2026,GET,https://tfctest-003-production.up.railway.app/products/5?_rsc=5CB68i4pnAekjehf,200,OK,377,428,332
5221,Mon Sep 07 17:14:15 BDT 2026,Mon Sep 07 17:14:15 BDT 2026,GET,https://tfctest-003-production.up.railway.app/checkout,200,OK,623,533,9445
5222,Mon Sep 07 17:14:15 BDT 2026,Mon Sep 07 17:14:15 BDT 2026,GET,https://tfctest-003-production.up.railway.app/products/6?_rsc=tXyZJ52UQVBCVsD3,200,OK,398,429,1119
5224,Mon Sep 07 17:14:15 BDT 2026,Mon Sep 07 17:14:15 BDT 2026,GET,https://tfctest-003-production.up.railway.app/products/2?_rsc=tXyZJ52UQVBCVsD3,200,OK,518,429,1119
5226,Mon Sep 07 17:14:15 BDT 2026,Mon Sep 07 17:14:15 BDT 2026,GET,https://tfctest-003-production.up.railway.app/_next/static/chunks/1anzu2ub5yuwq.js,200,OK,614,448,252239
5227,Mon Sep 07 17:14:14 BDT 2026,Mon Sep 07 17:14:15 BDT 2026,GET,https://tfctest-003-production.up.railway.app/,200,OK,945,534,40580
5228,Mon Sep 07 17:14:15 BDT 2026,Mon Sep 07 17:14:15 BDT 2026,GET,https://tfctest-003-production.up.railway.app/login?next=%2Fcheckout&_rsc=5CB68i4pnAekjehf,200,OK,498,428,282
5229,Mon Sep 07 17:14:15 BDT 2026,Mon Sep 07 17:14:15 BDT 2026,GET,https://tfctest-003-production.up.railway.app/favicon.ico,404,Not Found,379,361,9
5230,Mon Sep 07 17:14:15 BDT 2026,Mon Sep 07 17:14:15 BDT 2026,GET,https://tfctest-003-production.up.railway.app/_next/static/chunks/3-xpmlk5hluyb.js,200,OK,567,448,129336
5231,Mon Sep 07 17:14:15 BDT 2026,Mon Sep 07 17:14:15 BDT 2026,GET,https://tfctest-003-production.up.railway.app,200,OK,677,534,40580
5232,Mon Sep 07 17:14:15 BDT 2026,Mon Sep 07 17:14:16 BDT 2026,GET,https://tfctest-003-production.up.railway.app/login?_rsc=tXyZJ52UQVBCVsD3,200,OK,392,428,935
5234,Mon Sep 07 17:14:15 BDT 2026,Mon Sep 07 17:14:16 BDT 2026,GET,https://tfctest-003-production.up.railway.app/products/4?_rsc=tXyZJ52UQVBCVsD3,200,OK,378,429,1119
5236,Mon Sep 07 17:14:15 BDT 2026,Mon Sep 07 17:14:16 BDT 2026,GET,https://tfctest-003-production.up.railway.app/products/7?_rsc=tXyZJ52UQVBCVsD3,200,OK,663,429,1119
5237,Mon Sep 07 17:14:15 BDT 2026,Mon Sep 07 17:14:15 BDT 2026,GET,https://tfctest-003-production.up.railway.app/login?next=%2Fcheckout,200,OK,382,428,282
5240,Mon Sep 07 17:14:15 BDT 2026,Mon Sep 07 17:14:16 BDT 2026,GET,https://tfctest-003-production.up.railway.app/products/3?_rsc=tXyZJ52UQVBCVsD3,200,OK,410,429,1119
5242,Mon Sep 07 17:14:15 BDT 2026,Mon Sep 07 17:14:16 BDT 2026,GET,https://tfctest-003-production.up.railway.app/products,404,Not Found,413,467,9302
5243,Mon Sep 07 17:14:15 BDT 2026,Mon Sep 07 17:14:16 BDT 2026,GET,https://tfctest-003-production.up.railway.app/products/10?_rsc=tXyZJ52UQVBCVsD3,200,OK,422,429,1120
5245,Mon Sep 07 17:14:15 BDT 2026,Mon Sep 07 17:14:16 BDT 2026,GET,https://tfctest-003-production.up.railway.app/products/2,200,OK,641,534,11504
5246,Mon Sep 07 17:14:14 BDT 2026,Mon Sep 07 17:14:16 BDT 2026,GET,https://tfctest-003-production.up.railway.app/orders?_rsc=TApk9dgxPX5IV-1l,200,OK,1292,429,8962
5248,Mon Sep 07 17:14:15 BDT 2026,Mon Sep 07 17:14:16 BDT 2026,GET,https://tfctest-003-production.up.railway.app/products/5?_rsc=5CB68i4pnAekjehf,200,OK,418,428,332
5249,Mon Sep 07 17:14:15 BDT 2026,Mon Sep 07 17:14:16 BDT 2026,GET,https://tfctest-003-production.up.railway.app/products/6?_rsc=tXyZJ52UQVBCVsD3,200,OK,380,429,1119
5251,Mon Sep 07 17:14:15 BDT 2026,Mon Sep 07 17:14:16 BDT 2026,GET,https://tfctest-003-production.up.railway.app/checkout?_rsc=O5xA53AAoqK4V3wy,200,OK,630,429,2403
5253,Mon Sep 07 17:14:15 BDT 2026,Mon Sep 07 17:14:16 BDT 2026,GET,https://tfctest-003-production.up.railway.app/_next/static/chunks/3byuobrkyz9bj.js,200,OK,606,448,229156
5254,Mon Sep 07 17:14:15 BDT 2026,Mon Sep 07 17:14:16 BDT 2026,GET,https://tfctest-003-production.up.railway.app/products/2?_rsc=tXyZJ52UQVBCVsD3,200,OK,404,429,1119
5256,Mon Sep 07 17:14:15 BDT 2026,Mon Sep 07 17:14:16 BDT 2026,GET,https://tfctest-003-production.up.railway.app/_next/static/chunks/139jb8ldphrjq.js,200,OK,703,448,407239
5257,Mon Sep 07 17:14:15 BDT 2026,Mon Sep 07 17:14:16 BDT 2026,GET,https://tfctest-003-production.up.railway.app/login?next=%2Fcheckout&_rsc=5CB68i4pnAekjehf,200,OK,389,428,282
5258,Mon Sep 07 17:14:15 BDT 2026,Mon Sep 07 17:14:16 BDT 2026,GET,https://tfctest-003-production.up.railway.app/favicon.ico,404,Not Found,381,361,9
5259,Mon Sep 07 17:14:15 BDT 2026,Mon Sep 07 17:14:16 BDT 2026,GET,https://tfctest-003-production.up.railway.app/checkout,200,OK,645,533,9445
5260,Mon Sep 07 17:14:15 BDT 2026,Mon Sep 07 17:14:16 BDT 2026,GET,https://tfctest-003-production.up.railway.app/_next/static/chunks/1anzu2ub5yuwq.js,200,OK,602,448,252239
5261,Mon Sep 07 17:14:16 BDT 2026,Mon Sep 07 17:14:16 BDT 2026,GET,https://tfctest-003-production.up.railway.app/products/8?_rsc=tXyZJ52UQVBCVsD3,200,OK,396,429,1119
5263,Mon Sep 07 17:14:16 BDT 2026,Mon Sep 07 17:14:16 BDT 2026,GET,https://tfctest-003-production.up.railway.app/products/9?_rsc=tXyZJ52UQVBCVsD3,200,OK,403,429,1119
5265,Mon Sep 07 17:14:16 BDT 2026,Mon Sep 07 17:14:16 BDT 2026,GET,https://tfctest-003-production.up.railway.app/login?_rsc=tXyZJ52UQVBCVsD3,200,OK,395,429,1052
5267,Mon Sep 07 17:14:16 BDT 2026,Mon Sep 07 17:14:16 BDT 2026,GET,https://tfctest-003-production.up.railway.app/products/7?_rsc=tXyZJ52UQVBCVsD3,200,OK,413,429,1119
5269,Mon Sep 07 17:14:16 BDT 2026,Mon Sep 07 17:14:16 BDT 2026,GET,https://tfctest-003-production.up.railway.app/products/3?_rsc=tXyZJ52UQVBCVsD3,200,OK,411,429,1119
5271,Mon Sep 07 17:14:16 BDT 2026,Mon Sep 07 17:14:16 BDT 2026,GET,https://tfctest-003-production.up.railway.app/products/10?_rsc=tXyZJ52UQVBCVsD3,200,OK,409,429,1120
5273,Mon Sep 07 17:14:16 BDT 2026,Mon Sep 07 17:14:16 BDT 2026,GET,https://tfctest-003-production.up.railway.app/products,404,Not Found,416,467,9302
5274,Mon Sep 07 17:14:16 BDT 2026,Mon Sep 07 17:14:16 BDT 2026,GET,https://tfctest-003-production.up.railway.app/products/5?_rsc=5CB68i4pnAekjehf,200,OK,394,428,332
5275,Mon Sep 07 17:14:16 BDT 2026,Mon Sep 07 17:14:16 BDT 2026,GET,https://tfctest-003-production.up.railway.app/products/6?_rsc=tXyZJ52UQVBCVsD3,200,OK,423,429,1119
5276,Mon Sep 07 17:14:16 BDT 2026,Mon Sep 07 17:14:16 BDT 2026,GET,https://tfctest-003-production.up.railway.app/user,404,Not Found,577,435,271
5278,Mon Sep 07 17:14:16 BDT 2026,Mon Sep 07 17:14:16 BDT 2026,GET,https://tfctest-003-production.up.railway.app/products/2?_rsc=tXyZJ52UQVBCVsD3,200,OK,388,429,1119
5280,Mon Sep 07 17:14:16 BDT 2026,Mon Sep 07 17:14:16 BDT 2026,GET,https://tfctest-003-production.up.railway.app/products/4?_rsc=tXyZJ52UQVBCVsD3,200,OK,613,429,1119
5282,Mon Sep 07 17:14:16 BDT 2026,Mon Sep 07 17:14:16 BDT 2026,GET,https://tfctest-003-production.up.railway.app/products/2,200,OK,614,534,11504
5283,Mon Sep 07 17:14:16 BDT 2026,Mon Sep 07 17:14:16 BDT 2026,GET,https://tfctest-003-production.up.railway.app/favicon.ico,404,Not Found,365,361,9
5284,Mon Sep 07 17:14:15 BDT 2026,Mon Sep 07 17:14:16 BDT 2026,POST,https://tfctest-003-production.up.railway.app/checkout,200,OK,1559,508,4970
5286,Mon Sep 07 17:14:16 BDT 2026,Mon Sep 07 17:14:16 BDT 2026,GET,https://tfctest-003-production.up.railway.app/checkout?_rsc=O5xA53AAoqK4V3wy,200,OK,622,429,2228
5288,Mon Sep 07 17:14:16 BDT 2026,Mon Sep 07 17:14:16 BDT 2026,GET,https://tfctest-003-production.up.railway.app/login?_rsc=tXyZJ52UQVBCVsD3,200,OK,383,429,1052
5290,Mon Sep 07 17:14:16 BDT 2026,Mon Sep 07 17:14:16 BDT 2026,GET,https://tfctest-003-production.up.railway.app/products/8?_rsc=tXyZJ52UQVBCVsD3,200,OK,388,429,1119
5292,Mon Sep 07 17:14:16 BDT 2026,Mon Sep 07 17:14:16 BDT 2026,GET,https://tfctest-003-production.up.railway.app/products/9?_rsc=tXyZJ52UQVBCVsD3,200,OK,392,429,1119
5294,Mon Sep 07 17:14:16 BDT 2026,Mon Sep 07 17:14:16 BDT 2026,GET,https://tfctest-003-production.up.railway.app/login?next=%2Fcheckout&_rsc=5CB68i4pnAekjehf,200,OK,468,428,282
5295,Mon Sep 07 17:14:16 BDT 2026,Mon Sep 07 17:14:16 BDT 2026,GET,https://tfctest-003-production.up.railway.app/login?next=%2Fcheckout,200,OK,384,428,282
5297,Mon Sep 07 17:14:16 BDT 2026,Mon Sep 07 17:14:16 BDT 2026,GET,https://tfctest-003-production.up.railway.app/products/3?_rsc=tXyZJ52UQVBCVsD3,200,OK,384,429,1119
5299,Mon Sep 07 17:14:16 BDT 2026,Mon Sep 07 17:14:16 BDT 2026,GET,https://tfctest-003-production.up.railway.app/products/10?_rsc=tXyZJ52UQVBCVsD3,200,OK,389,429,1120
5301,Mon Sep 07 17:14:16 BDT 2026,Mon Sep 07 17:14:16 BDT 2026,GET,https://tfctest-003-production.up.railway.app/products/7?_rsc=tXyZJ52UQVBCVsD3,200,OK,407,429,1119
5303,Mon Sep 07 17:14:16 BDT 2026,Mon Sep 07 17:14:16 BDT 2026,GET,https://tfctest-003-production.up.railway.app/products,404,Not Found,410,467,9302
5304,Mon Sep 07 17:14:16 BDT 2026,Mon Sep 07 17:14:16 BDT 2026,GET,https://tfctest-003-production.up.railway.app/_next/static/chunks/139jb8ldphrjq.js,200,OK,645,448,407239
5305,Mon Sep 07 17:14:16 BDT 2026,Mon Sep 07 17:14:16 BDT 2026,GET,https://tfctest-003-production.up.railway.app/products/5?_rsc=5CB68i4pnAekjehf,200,OK,386,428,332
5306,Mon Sep 07 17:14:16 BDT 2026,Mon Sep 07 17:14:16 BDT 2026,GET,https://tfctest-003-production.up.railway.app/user,404,Not Found,400,435,271
5307,Mon Sep 07 17:14:16 BDT 2026,Mon Sep 07 17:14:17 BDT 2026,GET,https://tfctest-003-production.up.railway.app/products/2?_rsc=tXyZJ52UQVBCVsD3,200,OK,436,429,1119
5308,Mon Sep 07 17:14:16 BDT 2026,Mon Sep 07 17:14:17 BDT 2026,GET,https://tfctest-003-production.up.railway.app/products/6?_rsc=tXyZJ52UQVBCVsD3,200,OK,436,429,1119
5311,Mon Sep 07 17:14:16 BDT 2026,Mon Sep 07 17:14:17 BDT 2026,GET,https://tfctest-003-production.up.railway.app/products/4?_rsc=tXyZJ52UQVBCVsD3,200,OK,417,429,1119
5313,Mon Sep 07 17:14:16 BDT 2026,Mon Sep 07 17:14:17 BDT 2026,GET,https://tfctest-003-production.up.railway.app/login?_rsc=tXyZJ52UQVBCVsD3,200,OK,378,429,1052
5315,Mon Sep 07 17:14:16 BDT 2026,Mon Sep 07 17:14:17 BDT 2026,GET,https://tfctest-003-production.up.railway.app/products/9?_rsc=tXyZJ52UQVBCVsD3,200,OK,386,429,1119
5317,Mon Sep 07 17:14:16 BDT 2026,Mon Sep 07 17:14:17 BDT 2026,GET,https://tfctest-003-production.up.railway.app/user/054dc930-e12d-4c0d-9a62-90bfe72bc4ab?_rsc=hWqDJJP6_WnFIqxv,200,OK,616,429,3343
5319,Mon Sep 07 17:14:16 BDT 2026,Mon Sep 07 17:14:17 BDT 2026,GET,https://tfctest-003-production.up.railway.app/login?next=%2Fcheckout&_rsc=5CB68i4pnAekjehf,200,OK,399,428,282
5320,Mon Sep 07 17:14:16 BDT 2026,Mon Sep 07 17:14:17 BDT 2026,GET,https://tfctest-003-production.up.railway.app/products/8?_rsc=tXyZJ52UQVBCVsD3,200,OK,452,429,1119
5322,Mon Sep 07 17:14:16 BDT 2026,Mon Sep 07 17:14:17 BDT 2026,GET,https://tfctest-003-production.up.railway.app/products/3?_rsc=tXyZJ52UQVBCVsD3,200,OK,411,429,1002
5324,Mon Sep 07 17:14:16 BDT 2026,Mon Sep 07 17:14:17 BDT 2026,GET,https://tfctest-003-production.up.railway.app/products/10?_rsc=tXyZJ52UQVBCVsD3,200,OK,402,429,1003
5326,Mon Sep 07 17:14:16 BDT 2026,Mon Sep 07 17:14:17 BDT 2026,GET,https://tfctest-003-production.up.railway.app/products/7?_rsc=tXyZJ52UQVBCVsD3,200,OK,396,429,1119
5328,Mon Sep 07 17:14:16 BDT 2026,Mon Sep 07 17:14:17 BDT 2026,GET,https://tfctest-003-production.up.railway.app/products,404,Not Found,388,467,9039
5330,Mon Sep 07 17:14:16 BDT 2026,Mon Sep 07 17:14:17 BDT 2026,GET,https://tfctest-003-production.up.railway.app/products/2,200,OK,607,534,11504
5331,Mon Sep 07 17:14:16 BDT 2026,Mon Sep 07 17:14:17 BDT 2026,GET,https://tfctest-003-production.up.railway.app/products/5?_rsc=5CB68i4pnAekjehf,200,OK,417,428,332
5332,Mon Sep 07 17:14:16 BDT 2026,Mon Sep 07 17:14:17 BDT 2026,GET,https://tfctest-003-production.up.railway.app/user,404,Not Found,390,435,271
5333,Mon Sep 07 17:14:15 BDT 2026,Mon Sep 07 17:14:17 BDT 2026,POST,https://tfctest-003-production.up.railway.app/user/054dc930-e12d-4c0d-9a62-90bfe72bc4ab,200,OK,1659,445,5867
5335,Mon Sep 07 17:14:16 BDT 2026,Mon Sep 07 17:14:17 BDT 2026,GET,https://tfctest-003-production.up.railway.app/checkout?_rsc=O5xA53AAoqK4V3wy,200,OK,594,429,2403
5337,Mon Sep 07 17:14:16 BDT 2026,Mon Sep 07 17:14:17 BDT 2026,GET,https://tfctest-003-production.up.railway.app/orders?_rsc=TApk9dgxPX5IV-1l,200,OK,1291,429,9462
5339,Mon Sep 07 17:14:17 BDT 2026,Mon Sep 07 17:14:17 BDT 2026,GET,https://tfctest-003-production.up.railway.app/products/4?_rsc=tXyZJ52UQVBCVsD3,200,OK,397,429,1119
5341,Mon Sep 07 17:14:17 BDT 2026,Mon Sep 07 17:14:17 BDT 2026,GET,https://tfctest-003-production.up.railway.app/products/6?_rsc=tXyZJ52UQVBCVsD3,200,OK,414,429,1119
5342,Mon Sep 07 17:14:17 BDT 2026,Mon Sep 07 17:14:17 BDT 2026,GET,https://tfctest-003-production.up.railway.app/products/2?_rsc=tXyZJ52UQVBCVsD3,200,OK,413,429,1002
5345,Mon Sep 07 17:14:17 BDT 2026,Mon Sep 07 17:14:17 BDT 2026,GET,https://tfctest-003-production.up.railway.app/login?_rsc=tXyZJ52UQVBCVsD3,200,OK,387,429,1052
5347,Mon Sep 07 17:14:16 BDT 2026,Mon Sep 07 17:14:17 BDT 2026,GET,https://tfctest-003-production.up.railway.app/login?next=%2Fcheckout,200,OK,377,428,282
5348,Mon Sep 07 17:14:17 BDT 2026,Mon Sep 07 17:14:17 BDT 2026,GET,https://tfctest-003-production.up.railway.app/login?next=%2Fcheckout&_rsc=5CB68i4pnAekjehf,200,OK,376,428,282
5350,Mon Sep 07 17:14:17 BDT 2026,Mon Sep 07 17:14:17 BDT 2026,GET,https://tfctest-003-production.up.railway.app/products/9?_rsc=tXyZJ52UQVBCVsD3,200,OK,401,429,1119
5352,Mon Sep 07 17:14:17 BDT 2026,Mon Sep 07 17:14:17 BDT 2026,GET,https://tfctest-003-production.up.railway.app/products/8?_rsc=tXyZJ52UQVBCVsD3,200,OK,390,429,1119
5354,Mon Sep 07 17:14:17 BDT 2026,Mon Sep 07 17:14:17 BDT 2026,GET,https://tfctest-003-production.up.railway.app/products/10?_rsc=tXyZJ52UQVBCVsD3,200,OK,408,429,1120
5356,Mon Sep 07 17:14:17 BDT 2026,Mon Sep 07 17:14:17 BDT 2026,GET,https://tfctest-003-production.up.railway.app/products/7?_rsc=tXyZJ52UQVBCVsD3,200,OK,409,429,1119
5358,Mon Sep 07 17:14:17 BDT 2026,Mon Sep 07 17:14:17 BDT 2026,GET,https://tfctest-003-production.up.railway.app/products/3?_rsc=tXyZJ52UQVBCVsD3,200,OK,417,429,1119
5359,Mon Sep 07 17:14:17 BDT 2026,Mon Sep 07 17:14:17 BDT 2026,GET,https://tfctest-003-production.up.railway.app/products,404,Not Found,417,467,9302
5361,Mon Sep 07 17:14:17 BDT 2026,Mon Sep 07 17:14:17 BDT 2026,GET,https://tfctest-003-production.up.railway.app/products/5?_rsc=5CB68i4pnAekjehf,200,OK,392,428,332
5362,Mon Sep 07 17:14:17 BDT 2026,Mon Sep 07 17:14:17 BDT 2026,GET,https://tfctest-003-production.up.railway.app/user,404,Not Found,385,435,271
5363,Mon Sep 07 17:14:17 BDT 2026,Mon Sep 07 17:14:17 BDT 2026,GET,https://tfctest-003-production.up.railway.app/products/4?_rsc=tXyZJ52UQVBCVsD3,200,OK,392,429,1002
5365,Mon Sep 07 17:14:17 BDT 2026,Mon Sep 07 17:14:17 BDT 2026,GET,https://tfctest-003-production.up.railway.app/products/2?_rsc=tXyZJ52UQVBCVsD3,200,OK,397,429,1119
5366,Mon Sep 07 17:14:17 BDT 2026,Mon Sep 07 17:14:17 BDT 2026,GET,https://tfctest-003-production.up.railway.app/products/6?_rsc=tXyZJ52UQVBCVsD3,200,OK,397,429,1002
5367,Mon Sep 07 17:14:17 BDT 2026,Mon Sep 07 17:14:17 BDT 2026,GET,https://tfctest-003-production.up.railway.app/user/054dc930-e12d-4c0d-9a62-90bfe72bc4ab?_rsc=hWqDJJP6_WnFIqxv,200,OK,648,429,3343
5371,Mon Sep 07 17:14:17 BDT 2026,Mon Sep 07 17:14:17 BDT 2026,GET,https://tfctest-003-production.up.railway.app/products/2,200,OK,619,534,11504
5372,Mon Sep 07 17:14:17 BDT 2026,Mon Sep 07 17:14:17 BDT 2026,GET,https://tfctest-003-production.up.railway.app/login?next=%2Fcheckout&_rsc=5CB68i4pnAekjehf,200,OK,383,428,282
5373,Mon Sep 07 17:14:17 BDT 2026,Mon Sep 07 17:14:17 BDT 2026,GET,https://tfctest-003-production.up.railway.app/products/9?_rsc=tXyZJ52UQVBCVsD3,200,OK,372,429,1119
5375,Mon Sep 07 17:14:17 BDT 2026,Mon Sep 07 17:14:18 BDT 2026,GET,https://tfctest-003-production.up.railway.app/products/8?_rsc=tXyZJ52UQVBCVsD3,200,OK,387,429,1119
5377,Mon Sep 07 17:14:17 BDT 2026,Mon Sep 07 17:14:18 BDT 2026,GET,https://tfctest-003-production.up.railway.app/products/10?_rsc=tXyZJ52UQVBCVsD3,200,OK,375,429,1120
5379,Mon Sep 07 17:14:17 BDT 2026,Mon Sep 07 17:14:18 BDT 2026,GET,https://tfctest-003-production.up.railway.app/products/3?_rsc=tXyZJ52UQVBCVsD3,200,OK,380,429,1119
5381,Mon Sep 07 17:14:17 BDT 2026,Mon Sep 07 17:14:18 BDT 2026,GET,https://tfctest-003-production.up.railway.app/products,404,Not Found,394,467,9302
5382,Mon Sep 07 17:14:17 BDT 2026,Mon Sep 07 17:14:18 BDT 2026,GET,https://tfctest-003-production.up.railway.app/products/5?_rsc=5CB68i4pnAekjehf,200,OK,384,428,332
5383,Mon Sep 07 17:14:17 BDT 2026,Mon Sep 07 17:14:18 BDT 2026,GET,https://tfctest-003-production.up.railway.app/user,404,Not Found,381,435,271
5384,Mon Sep 07 17:14:17 BDT 2026,Mon Sep 07 17:14:18 BDT 2026,GET,https://tfctest-003-production.up.railway.app/products/7?_rsc=tXyZJ52UQVBCVsD3,200,OK,531,429,1002
5386,Mon Sep 07 17:14:17 BDT 2026,Mon Sep 07 17:14:18 BDT 2026,GET,https://tfctest-003-production.up.railway.app/checkout?_rsc=O5xA53AAoqK4V3wy,200,OK,822,429,2403
5388,Mon Sep 07 17:14:17 BDT 2026,Mon Sep 07 17:14:18 BDT 2026,GET,https://tfctest-003-production.up.railway.app/products/2?_rsc=tXyZJ52UQVBCVsD3,200,OK,405,429,1119
5390,Mon Sep 07 17:14:17 BDT 2026,Mon Sep 07 17:14:18 BDT 2026,GET,https://tfctest-003-production.up.railway.app/products/6?_rsc=tXyZJ52UQVBCVsD3,200,OK,410,429,1119
5392,Mon Sep 07 17:14:17 BDT 2026,Mon Sep 07 17:14:18 BDT 2026,GET,https://tfctest-003-production.up.railway.app/products/4?_rsc=tXyZJ52UQVBCVsD3,200,OK,413,429,1119
5394,Mon Sep 07 17:14:17 BDT 2026,Mon Sep 07 17:14:17 BDT 2026,GET,https://tfctest-003-production.up.railway.app/login?next=%2Fcheckout,200,OK,377,428,282
5396,Mon Sep 07 17:14:18 BDT 2026,Mon Sep 07 17:14:18 BDT 2026,GET,https://tfctest-003-production.up.railway.app/products/9?_rsc=tXyZJ52UQVBCVsD3,200,OK,392,429,1119
5398,Mon Sep 07 17:14:18 BDT 2026,Mon Sep 07 17:14:18 BDT 2026,GET,https://tfctest-003-production.up.railway.app/products/8?_rsc=tXyZJ52UQVBCVsD3,200,OK,378,429,1119
5400,Mon Sep 07 17:14:16 BDT 2026,Mon Sep 07 17:14:18 BDT 2026,POST,https://tfctest-003-production.up.railway.app/checkout,200,OK,1646,508,4970
5402,Mon Sep 07 17:14:18 BDT 2026,Mon Sep 07 17:14:18 BDT 2026,GET,https://tfctest-003-production.up.railway.app/products/10?_rsc=tXyZJ52UQVBCVsD3,200,OK,388,429,1120
5404,Mon Sep 07 17:14:17 BDT 2026,Mon Sep 07 17:14:18 BDT 2026,GET,https://tfctest-003-production.up.railway.app/user/054dc930-e12d-4c0d-9a62-90bfe72bc4ab?_rsc=hWqDJJP6_WnFIqxv,200,OK,617,429,3343
5406,Mon Sep 07 17:14:18 BDT 2026,Mon Sep 07 17:14:18 BDT 2026,GET,https://tfctest-003-production.up.railway.app/products/3?_rsc=tXyZJ52UQVBCVsD3,200,OK,389,429,1119
5408,Mon Sep 07 17:14:18 BDT 2026,Mon Sep 07 17:14:18 BDT 2026,GET,https://tfctest-003-production.up.railway.app/products,404,Not Found,392,467,9302
5409,Mon Sep 07 17:14:18 BDT 2026,Mon Sep 07 17:14:18 BDT 2026,GET,https://tfctest-003-production.up.railway.app/products/5?_rsc=5CB68i4pnAekjehf,200,OK,385,428,332
5410,Mon Sep 07 17:14:18 BDT 2026,Mon Sep 07 17:14:18 BDT 2026,GET,https://tfctest-003-production.up.railway.app/user,404,Not Found,384,435,271
5411,Mon Sep 07 17:14:17 BDT 2026,Mon Sep 07 17:14:18 BDT 2026,GET,https://tfctest-003-production.up.railway.app/products/2,200,OK,622,534,11504
5412,Mon Sep 07 17:14:17 BDT 2026,Mon Sep 07 17:14:18 BDT 2026,POST,https://tfctest-003-production.up.railway.app/user/054dc930-e12d-4c0d-9a62-90bfe72bc4ab,200,OK,1222,445,5690
5414,Mon Sep 07 17:14:18 BDT 2026,Mon Sep 07 17:14:18 BDT 2026,GET,https://tfctest-003-production.up.railway.app/products/7?_rsc=tXyZJ52UQVBCVsD3,200,OK,396,429,1119
5416,Mon Sep 07 17:14:18 BDT 2026,Mon Sep 07 17:14:18 BDT 2026,GET,https://tfctest-003-production.up.railway.app/products/4?_rsc=tXyZJ52UQVBCVsD3,200,OK,378,429,1119
5418,Mon Sep 07 17:14:18 BDT 2026,Mon Sep 07 17:14:18 BDT 2026,GET,https://tfctest-003-production.up.railway.app/products/2?_rsc=tXyZJ52UQVBCVsD3,200,OK,397,429,1119
5420,Mon Sep 07 17:14:18 BDT 2026,Mon Sep 07 17:14:18 BDT 2026,GET,https://tfctest-003-production.up.railway.app/products/6?_rsc=tXyZJ52UQVBCVsD3,200,OK,391,429,1119
5422,Mon Sep 07 17:14:17 BDT 2026,Mon Sep 07 17:14:18 BDT 2026,GET,https://tfctest-003-production.up.railway.app/orders?_rsc=TApk9dgxPX5IV-1l,200,OK,1260,429,9962
5424,Mon Sep 07 17:14:18 BDT 2026,Mon Sep 07 17:14:18 BDT 2026,GET,https://tfctest-003-production.up.railway.app/products/9?_rsc=tXyZJ52UQVBCVsD3,200,OK,388,429,1119
5426,Mon Sep 07 17:14:18 BDT 2026,Mon Sep 07 17:14:18 BDT 2026,GET,https://tfctest-003-production.up.railway.app/products/8?_rsc=tXyZJ52UQVBCVsD3,200,OK,388,429,1119
5428,Mon Sep 07 17:14:18 BDT 2026,Mon Sep 07 17:14:18 BDT 2026,GET,https://tfctest-003-production.up.railway.app/products/10?_rsc=tXyZJ52UQVBCVsD3,200,OK,394,429,1120
5430,Mon Sep 07 17:14:18 BDT 2026,Mon Sep 07 17:14:18 BDT 2026,GET,https://tfctest-003-production.up.railway.app/checkout?_rsc=O5xA53AAoqK4V3wy,200,OK,615,429,2403
5432,Mon Sep 07 17:14:18 BDT 2026,Mon Sep 07 17:14:18 BDT 2026,GET,https://tfctest-003-production.up.railway.app/products/3?_rsc=tXyZJ52UQVBCVsD3,200,OK,392,429,1119
5434,Mon Sep 07 17:14:18 BDT 2026,Mon Sep 07 17:14:18 BDT 2026,GET,https://tfctest-003-production.up.railway.app/products,404,Not Found,405,467,9302
5435,Mon Sep 07 17:14:18 BDT 2026,Mon Sep 07 17:14:18 BDT 2026,GET,https://tfctest-003-production.up.railway.app/products/5?_rsc=5CB68i4pnAekjehf,200,OK,393,428,332
5436,Mon Sep 07 17:14:18 BDT 2026,Mon Sep 07 17:14:18 BDT 2026,GET,https://tfctest-003-production.up.railway.app/user,404,Not Found,388,435,271
5437,Mon Sep 07 17:14:18 BDT 2026,Mon Sep 07 17:14:19 BDT 2026,GET,https://tfctest-003-production.up.railway.app/products/7?_rsc=tXyZJ52UQVBCVsD3,200,OK,381,429,1119
5439,Mon Sep 07 17:14:18 BDT 2026,Mon Sep 07 17:14:19 BDT 2026,GET,https://tfctest-003-production.up.railway.app/products/4?_rsc=tXyZJ52UQVBCVsD3,200,OK,415,429,1119
5441,Mon Sep 07 17:14:18 BDT 2026,Mon Sep 07 17:14:19 BDT 2026,GET,https://tfctest-003-production.up.railway.app/products/2?_rsc=tXyZJ52UQVBCVsD3,200,OK,407,429,1119
5443,Mon Sep 07 17:14:18 BDT 2026,Mon Sep 07 17:14:19 BDT 2026,GET,https://tfctest-003-production.up.railway.app/products/6?_rsc=tXyZJ52UQVBCVsD3,200,OK,407,429,1119
5445,Mon Sep 07 17:14:18 BDT 2026,Mon Sep 07 17:14:19 BDT 2026,GET,https://tfctest-003-production.up.railway.app/user/054dc930-e12d-4c0d-9a62-90bfe72bc4ab?_rsc=hWqDJJP6_WnFIqxv,200,OK,604,429,3343
5447,Mon Sep 07 17:14:18 BDT 2026,Mon Sep 07 17:14:19 BDT 2026,GET,https://tfctest-003-production.up.railway.app/products/2,200,OK,635,534,11241
5449,Mon Sep 07 17:14:18 BDT 2026,Mon Sep 07 17:14:18 BDT 2026,GET,https://tfctest-003-production.up.railway.app/login?next=%2Fcheckout,200,OK,373,428,282
5451,Mon Sep 07 17:14:18 BDT 2026,Mon Sep 07 17:14:19 BDT 2026,GET,https://tfctest-003-production.up.railway.app/products/8?_rsc=tXyZJ52UQVBCVsD3,200,OK,405,429,1002
5453,Mon Sep 07 17:14:18 BDT 2026,Mon Sep 07 17:14:19 BDT 2026,GET,https://tfctest-003-production.up.railway.app/products/9?_rsc=tXyZJ52UQVBCVsD3,200,OK,446,429,1002
5455,Mon Sep 07 17:14:18 BDT 2026,Mon Sep 07 17:14:19 BDT 2026,GET,https://tfctest-003-production.up.railway.app/products/5?_rsc=5CB68i4pnAekjehf,200,OK,386,428,332
5456,Mon Sep 07 17:14:18 BDT 2026,Mon Sep 07 17:14:19 BDT 2026,GET,https://tfctest-003-production.up.railway.app/user,404,Not Found,384,435,271
5457,Mon Sep 07 17:14:19 BDT 2026,Mon Sep 07 17:14:19 BDT 2026,GET,https://tfctest-003-production.up.railway.app/products/7?_rsc=tXyZJ52UQVBCVsD3,200,OK,390,429,1119
5459,Mon Sep 07 17:14:18 BDT 2026,Mon Sep 07 17:14:19 BDT 2026,GET,https://tfctest-003-production.up.railway.app/checkout?_rsc=O5xA53AAoqK4V3wy,200,OK,617,429,2403
5460,Mon Sep 07 17:14:19 BDT 2026,Mon Sep 07 17:14:19 BDT 2026,GET,https://tfctest-003-production.up.railway.app/products/4?_rsc=tXyZJ52UQVBCVsD3,200,OK,403,429,1119
5463,Mon Sep 07 17:14:19 BDT 2026,Mon Sep 07 17:14:19 BDT 2026,GET,https://tfctest-003-production.up.railway.app/products/6?_rsc=tXyZJ52UQVBCVsD3,200,OK,470,429,1119
5465,Mon Sep 07 17:14:19 BDT 2026,Mon Sep 07 17:14:19 BDT 2026,GET,https://tfctest-003-production.up.railway.app/products/8?_rsc=tXyZJ52UQVBCVsD3,200,OK,387,429,1119
5467,Mon Sep 07 17:14:19 BDT 2026,Mon Sep 07 17:14:19 BDT 2026,GET,https://tfctest-003-production.up.railway.app/products/9?_rsc=tXyZJ52UQVBCVsD3,200,OK,370,429,1119
5469,Mon Sep 07 17:14:19 BDT 2026,Mon Sep 07 17:14:19 BDT 2026,GET,https://tfctest-003-production.up.railway.app/user/054dc930-e12d-4c0d-9a62-90bfe72bc4ab?_rsc=hWqDJJP6_WnFIqxv,200,OK,655,429,3343
5471,Mon Sep 07 17:14:19 BDT 2026,Mon Sep 07 17:14:19 BDT 2026,GET,https://tfctest-003-production.up.railway.app/products/2,200,OK,605,534,11504
5472,Mon Sep 07 17:14:19 BDT 2026,Mon Sep 07 17:14:19 BDT 2026,GET,https://tfctest-003-production.up.railway.app/user,404,Not Found,504,435,271
5473,Mon Sep 07 17:14:19 BDT 2026,Mon Sep 07 17:14:19 BDT 2026,GET,https://tfctest-003-production.up.railway.app/products/7?_rsc=tXyZJ52UQVBCVsD3,200,OK,383,429,1119
5475,Mon Sep 07 17:14:18 BDT 2026,Mon Sep 07 17:14:19 BDT 2026,POST,https://tfctest-003-production.up.railway.app/user/054dc930-e12d-4c0d-9a62-90bfe72bc4ab,200,OK,1256,445,5867
5477,Mon Sep 07 17:14:18 BDT 2026,Mon Sep 07 17:14:19 BDT 2026,GET,https://tfctest-003-production.up.railway.app/orders?_rsc=TApk9dgxPX5IV-1l,200,OK,1238,429,9962
5479,Mon Sep 07 17:14:19 BDT 2026,Mon Sep 07 17:14:19 BDT 2026,GET,https://tfctest-003-production.up.railway.app/login?next=%2Fcheckout,200,OK,384,428,282
5481,Mon Sep 07 17:14:19 BDT 2026,Mon Sep 07 17:14:20 BDT 2026,GET,https://tfctest-003-production.up.railway.app/products/8?_rsc=tXyZJ52UQVBCVsD3,200,OK,390,429,1119
5483,Mon Sep 07 17:14:19 BDT 2026,Mon Sep 07 17:14:20 BDT 2026,GET,https://tfctest-003-production.up.railway.app/products/9?_rsc=tXyZJ52UQVBCVsD3,200,OK,400,429,1119
5485,Mon Sep 07 17:14:18 BDT 2026,Mon Sep 07 17:14:20 BDT 2026,POST,https://tfctest-003-production.up.railway.app/checkout,200,OK,1633,508,4793
5487,Mon Sep 07 17:14:19 BDT 2026,Mon Sep 07 17:14:20 BDT 2026,GET,https://tfctest-003-production.up.railway.app/user,404,Not Found,386,435,271
5488,Mon Sep 07 17:14:19 BDT 2026,Mon Sep 07 17:14:20 BDT 2026,GET,https://tfctest-003-production.up.railway.app/user/054dc930-e12d-4c0d-9a62-90bfe72bc4ab?_rsc=hWqDJJP6_WnFIqxv,200,OK,601,429,3343
5490,Mon Sep 07 17:14:20 BDT 2026,Mon Sep 07 17:14:20 BDT 2026,GET,https://tfctest-003-production.up.railway.app/products/8?_rsc=tXyZJ52UQVBCVsD3,200,OK,386,429,1119
5492,Mon Sep 07 17:14:20 BDT 2026,Mon Sep 07 17:14:20 BDT 2026,GET,https://tfctest-003-production.up.railway.app/products/9?_rsc=tXyZJ52UQVBCVsD3,200,OK,383,429,1119
5494,Mon Sep 07 17:14:19 BDT 2026,Mon Sep 07 17:14:20 BDT 2026,GET,https://tfctest-003-production.up.railway.app/products/2,200,OK,671,534,11504
5495,Mon Sep 07 17:14:20 BDT 2026,Mon Sep 07 17:14:20 BDT 2026,GET,https://tfctest-003-production.up.railway.app/user,404,Not Found,392,435,271
5496,Mon Sep 07 17:14:20 BDT 2026,Mon Sep 07 17:14:20 BDT 2026,GET,https://tfctest-003-production.up.railway.app/login?next=%2Fcheckout,200,OK,384,428,282
5498,Mon Sep 07 17:14:20 BDT 2026,Mon Sep 07 17:14:20 BDT 2026,GET,https://tfctest-003-production.up.railway.app/products/8?_rsc=tXyZJ52UQVBCVsD3,200,OK,382,429,1119
5500,Mon Sep 07 17:14:20 BDT 2026,Mon Sep 07 17:14:20 BDT 2026,GET,https://tfctest-003-production.up.railway.app/user,404,Not Found,400,435,271
5501,Mon Sep 07 17:14:20 BDT 2026,Mon Sep 07 17:14:20 BDT 2026,GET,https://tfctest-003-production.up.railway.app/user/054dc930-e12d-4c0d-9a62-90bfe72bc4ab?_rsc=hWqDJJP6_WnFIqxv,200,OK,616,429,3343
5503,Mon Sep 07 17:14:19 BDT 2026,Mon Sep 07 17:14:21 BDT 2026,POST,https://tfctest-003-production.up.railway.app/user/054dc930-e12d-4c0d-9a62-90bfe72bc4ab,200,OK,1293,445,5867
5505,Mon Sep 07 17:14:20 BDT 2026,Mon Sep 07 17:14:21 BDT 2026,GET,https://tfctest-003-production.up.railway.app/products/9?_rsc=tXyZJ52UQVBCVsD3,200,OK,736,429,1119
5507,Mon Sep 07 17:14:19 BDT 2026,Mon Sep 07 17:14:21 BDT 2026,GET,https://tfctest-003-production.up.railway.app/orders?_rsc=TApk9dgxPX5IV-1l,200,OK,1293,430,10462
5509,Mon Sep 07 17:14:20 BDT 2026,Mon Sep 07 17:14:21 BDT 2026,GET,https://tfctest-003-production.up.railway.app/user,404,Not Found,387,435,271
5510,Mon Sep 07 17:14:20 BDT 2026,Mon Sep 07 17:14:21 BDT 2026,GET,https://tfctest-003-production.up.railway.app/products/2,200,OK,932,534,11504
5511,Mon Sep 07 17:14:20 BDT 2026,Mon Sep 07 17:14:21 BDT 2026,POST,https://tfctest-003-production.up.railway.app/checkout,200,OK,1497,508,4970
5513,Mon Sep 07 17:14:20 BDT 2026,Mon Sep 07 17:14:21 BDT 2026,GET,https://tfctest-003-production.up.railway.app/login?next=%2Fcheckout,200,OK,375,428,282
5515,Mon Sep 07 17:14:21 BDT 2026,Mon Sep 07 17:14:21 BDT 2026,GET,https://tfctest-003-production.up.railway.app/user/054dc930-e12d-4c0d-9a62-90bfe72bc4ab?_rsc=hWqDJJP6_WnFIqxv,200,OK,609,429,3168
5517,Mon Sep 07 17:14:21 BDT 2026,Mon Sep 07 17:14:22 BDT 2026,GET,https://tfctest-003-production.up.railway.app/products/2,200,OK,626,534,11504
5518,Mon Sep 07 17:14:21 BDT 2026,Mon Sep 07 17:14:22 BDT 2026,GET,https://tfctest-003-production.up.railway.app/user/054dc930-e12d-4c0d-9a62-90bfe72bc4ab?_rsc=hWqDJJP6_WnFIqxv,200,OK,610,429,3343
5520,Mon Sep 07 17:14:21 BDT 2026,Mon Sep 07 17:14:22 BDT 2026,GET,https://tfctest-003-production.up.railway.app/login?next=%2Fcheckout,200,OK,412,428,282
5522,Mon Sep 07 17:14:21 BDT 2026,Mon Sep 07 17:14:22 BDT 2026,POST,https://tfctest-003-production.up.railway.app/user/054dc930-e12d-4c0d-9a62-90bfe72bc4ab,200,OK,1288,445,5867
5524,Mon Sep 07 17:14:21 BDT 2026,Mon Sep 07 17:14:22 BDT 2026,GET,https://tfctest-003-production.up.railway.app/orders?_rsc=TApk9dgxPX5IV-1l,200,OK,1288,430,10962
5526,Mon Sep 07 17:14:22 BDT 2026,Mon Sep 07 17:14:22 BDT 2026,GET,https://tfctest-003-production.up.railway.app/user/054dc930-e12d-4c0d-9a62-90bfe72bc4ab?_rsc=hWqDJJP6_WnFIqxv,200,OK,649,429,3343
5528,Mon Sep 07 17:14:22 BDT 2026,Mon Sep 07 17:14:22 BDT 2026,GET,https://tfctest-003-production.up.railway.app/login?next=%2Fcheckout,200,OK,385,428,282
5530,Mon Sep 07 17:14:21 BDT 2026,Mon Sep 07 17:14:23 BDT 2026,POST,https://tfctest-003-production.up.railway.app/checkout,200,OK,1626,508,4970
5532,Mon Sep 07 17:14:22 BDT 2026,Mon Sep 07 17:14:23 BDT 2026,GET,https://tfctest-003-production.up.railway.app/user/054dc930-e12d-4c0d-9a62-90bfe72bc4ab?_rsc=hWqDJJP6_WnFIqxv,200,OK,671,429,3343
5534,Mon Sep 07 17:14:22 BDT 2026,Mon Sep 07 17:14:23 BDT 2026,POST,https://tfctest-003-production.up.railway.app/user/054dc930-e12d-4c0d-9a62-90bfe72bc4ab,200,OK,1334,445,5867
5536,Mon Sep 07 17:14:22 BDT 2026,Mon Sep 07 17:14:23 BDT 2026,GET,https://tfctest-003-production.up.railway.app/orders?_rsc=TApk9dgxPX5IV-1l,200,OK,1320,430,11287
5538,Mon Sep 07 17:14:23 BDT 2026,Mon Sep 07 17:14:24 BDT 2026,GET,https://tfctest-003-production.up.railway.app/user/054dc930-e12d-4c0d-9a62-90bfe72bc4ab?_rsc=hWqDJJP6_WnFIqxv,200,OK,632,429,3343
5540,Mon Sep 07 17:14:23 BDT 2026,Mon Sep 07 17:14:24 BDT 2026,POST,https://tfctest-003-production.up.railway.app/checkout,200,OK,1508,508,4970
5542,Mon Sep 07 17:14:23 BDT 2026,Mon Sep 07 17:14:25 BDT 2026,GET,https://tfctest-003-production.up.railway.app/orders?_rsc=TApk9dgxPX5IV-1l,200,OK,1360,430,11962
5544,Mon Sep 07 17:14:24 BDT 2026,Mon Sep 07 17:14:26 BDT 2026,POST,https://tfctest-003-production.up.railway.app/checkout,200,OK,1492,508,4970
5546,Mon Sep 07 17:14:25 BDT 2026,Mon Sep 07 17:14:26 BDT 2026,GET,https://tfctest-003-production.up.railway.app/orders?_rsc=TApk9dgxPX5IV-1l,200,OK,1304,430,12462
5548,Mon Sep 07 17:14:26 BDT 2026,Mon Sep 07 17:14:27 BDT 2026,GET,https://tfctest-003-production.up.railway.app/orders?_rsc=TApk9dgxPX5IV-1l,200,OK,1310,430,12462
5550,Mon Sep 07 17:14:27 BDT 2026,Mon Sep 07 17:14:29 BDT 2026,GET,https://tfctest-003-production.up.railway.app/orders?_rsc=TApk9dgxPX5IV-1l,200,OK,1304,430,12462
5552,Mon Sep 07 17:14:29 BDT 2026,Mon Sep 07 17:14:29 BDT 2026,GET,https://tfctest-003-production.up.railway.app,200,OK,699,534,40580
5553,Mon Sep 07 17:14:29 BDT 2026,Mon Sep 07 17:14:30 BDT 2026,GET,https://tfctest-003-production.up.railway.app/_next,404,Not Found,390,361,9
5554,Mon Sep 07 17:14:30 BDT 2026,Mon Sep 07 17:14:30 BDT 2026,GET,https://tfctest-003-production.up.railway.app/_next/static,404,Not Found,378,361,9
5555,Mon Sep 07 17:14:30 BDT 2026,Mon Sep 07 17:14:31 BDT 2026,GET,https://tfctest-003-production.up.railway.app/_next/static/chunks,404,Not Found,388,361,9
5556,Mon Sep 07 17:14:31 BDT 2026,Mon Sep 07 17:14:31 BDT 2026,GET,https://tfctest-003-production.up.railway.app/products,404,Not Found,407,467,9302
5557,Mon Sep 07 17:14:31 BDT 2026,Mon Sep 07 17:14:31 BDT 2026,GET,https://tfctest-003-production.up.railway.app/user,404,Not Found,380,435,271
5558,Mon Sep 07 17:14:31 BDT 2026,Mon Sep 07 17:14:32 BDT 2026,GET,https://tfctest-003-production.up.railway.app,200,OK,672,534,40580
5559,Mon Sep 07 17:14:32 BDT 2026,Mon Sep 07 17:14:32 BDT 2026,GET,https://tfctest-003-production.up.railway.app/_next,404,Not Found,408,361,9
5560,Mon Sep 07 17:14:32 BDT 2026,Mon Sep 07 17:14:33 BDT 2026,GET,https://tfctest-003-production.up.railway.app/_next/static,404,Not Found,421,361,9
5561,Mon Sep 07 17:14:33 BDT 2026,Mon Sep 07 17:14:33 BDT 2026,GET,https://tfctest-003-production.up.railway.app/_next/static/chunks,404,Not Found,394,361,9
5562,Mon Sep 07 17:14:33 BDT 2026,Mon Sep 07 17:14:34 BDT 2026,GET,https://tfctest-003-production.up.railway.app/products,404,Not Found,409,467,9302
5563,Mon Sep 07 17:14:34 BDT 2026,Mon Sep 07 17:14:34 BDT 2026,GET,https://tfctest-003-production.up.railway.app/user,404,Not Found,427,435,271
5564,Mon Sep 07 17:14:34 BDT 2026,Mon Sep 07 17:14:35 BDT 2026,GET,https://tfctest-003-production.up.railway.app,200,OK,715,534,40580
5565,Mon Sep 07 17:14:35 BDT 2026,Mon Sep 07 17:14:35 BDT 2026,GET,https://tfctest-003-production.up.railway.app/_next,404,Not Found,526,361,9
5566,Mon Sep 07 17:14:35 BDT 2026,Mon Sep 07 17:14:36 BDT 2026,GET,https://tfctest-003-production.up.railway.app/_next/static,404,Not Found,371,361,9
5567,Mon Sep 07 17:14:36 BDT 2026,Mon Sep 07 17:14:36 BDT 2026,GET,https://tfctest-003-production.up.railway.app/_next/static/chunks,404,Not Found,375,361,9
5568,Mon Sep 07 17:14:36 BDT 2026,Mon Sep 07 17:14:37 BDT 2026,GET,https://tfctest-003-production.up.railway.app/products,404,Not Found,436,467,9302
5569,Mon Sep 07 17:14:37 BDT 2026,Mon Sep 07 17:14:37 BDT 2026,GET,https://tfctest-003-production.up.railway.app/user,404,Not Found,403,435,271
5570,Mon Sep 07 17:14:37 BDT 2026,Mon Sep 07 17:14:38 BDT 2026,GET,https://tfctest-003-production.up.railway.app/swagger-ui/,308,Permanent Redirect,380,286,11
5571,Mon Sep 07 17:14:37 BDT 2026,Mon Sep 07 17:14:38 BDT 2026,GET,https://tfctest-003-production.up.railway.app,200,OK,731,534,40580
5572,Mon Sep 07 17:14:38 BDT 2026,Mon Sep 07 17:14:38 BDT 2026,GET,https://tfctest-003-production.up.railway.app/v3/api-docs,404,Not Found,392,436,1109
5573,Mon Sep 07 17:14:38 BDT 2026,Mon Sep 07 17:14:38 BDT 2026,GET,https://tfctest-003-production.up.railway.app/_next,404,Not Found,380,361,9
5574,Mon Sep 07 17:14:38 BDT 2026,Mon Sep 07 17:14:39 BDT 2026,GET,https://tfctest-003-production.up.railway.app/swagger.json,404,Not Found,548,436,1109
5575,Mon Sep 07 17:14:38 BDT 2026,Mon Sep 07 17:14:39 BDT 2026,GET,https://tfctest-003-production.up.railway.app/_next/static,404,Not Found,367,361,9
5576,Mon Sep 07 17:14:39 BDT 2026,Mon Sep 07 17:14:39 BDT 2026,GET,https://tfctest-003-production.up.railway.app/openapi.json,404,Not Found,393,436,1109
5577,Mon Sep 07 17:14:39 BDT 2026,Mon Sep 07 17:14:39 BDT 2026,GET,https://tfctest-003-production.up.railway.app/_next/static/chunks,404,Not Found,379,361,9
5578,Mon Sep 07 17:14:39 BDT 2026,Mon Sep 07 17:14:39 BDT 2026,GET,https://tfctest-003-production.up.railway.app/api-docs,404,Not Found,386,436,1109
5579,Mon Sep 07 17:14:39 BDT 2026,Mon Sep 07 17:14:40 BDT 2026,GET,https://tfctest-003-production.up.railway.app/login,307,Temporary Redirect,371,274,0
5580,Mon Sep 07 17:14:39 BDT 2026,Mon Sep 07 17:14:40 BDT 2026,GET,https://tfctest-003-production.up.railway.app/docs/,308,Permanent Redirect,424,273,5
5581,Mon Sep 07 17:14:39 BDT 2026,Mon Sep 07 17:14:40 BDT 2026,GET,https://tfctest-003-production.up.railway.app/login,307,Temporary Redirect,396,274,0
5582,Mon Sep 07 17:14:39 BDT 2026,Mon Sep 07 17:14:40 BDT 2026,GET,https://tfctest-003-production.up.railway.app/products,404,Not Found,398,467,9302
5583,Mon Sep 07 17:14:39 BDT 2026,Mon Sep 07 17:14:40 BDT 2026,GET,https://tfctest-003-production.up.railway.app/login,307,Temporary Redirect,378,274,0
5584,Mon Sep 07 17:14:40 BDT 2026,Mon Sep 07 17:14:40 BDT 2026,GET,https://tfctest-003-production.up.railway.app/swagger,404,Not Found,386,436,1109
5585,Mon Sep 07 17:14:40 BDT 2026,Mon Sep 07 17:14:40 BDT 2026,GET,https://tfctest-003-production.up.railway.app/user,404,Not Found,395,435,271
5586,Mon Sep 07 17:14:40 BDT 2026,Mon Sep 07 17:14:41 BDT 2026,GET,https://tfctest-003-production.up.railway.app/v2/api-docs,404,Not Found,400,436,1109
5587,Mon Sep 07 17:14:41 BDT 2026,Mon Sep 07 17:14:41 BDT 2026,GET,https://tfctest-003-production.up.railway.app/swagger-ui/index.html,404,Not Found,430,436,1109
5588,Mon Sep 07 17:14:41 BDT 2026,Mon Sep 07 17:14:41 BDT 2026,GET,https://tfctest-003-production.up.railway.app/openapi.yaml,404,Not Found,394,436,1109
5589,Mon Sep 07 17:14:41 BDT 2026,Mon Sep 07 17:14:42 BDT 2026,GET,https://tfctest-003-production.up.railway.app/swagger.yaml,404,Not Found,398,436,1109
5590,Mon Sep 07 17:14:42 BDT 2026,Mon Sep 07 17:14:42 BDT 2026,GET,https://tfctest-003-production.up.railway.app/swagger/ui/index.html,404,Not Found,388,436,1109
